:100000000C94F5070C9481370C9456370C942B37CD
:100010000C9400370C94D5360C94AA360C947F3689
:100020000C9454360C946C380C9426080C942608C6
:100030000C9426080C94AC370C9426080C942608D3
:100040000C9426080C9426080C9426080C94260878
:100050000C9426080C9426080C9426080C940A3656
:100060000C9426080C9436380C940C380C94260802
:100070000C9426080C9426080C9426080C94260848
:100080000C9426080C9426080C9426080C94260838
:100090000C9426080C9426080C9426080C94260828
:1000A0000C9426080C9426080C9426080C94260818
:1000B0000C9426080C9426080C9426080C94260808
:1000C0000C9426080C9426080C9426080C942608F8
:1000D0000C9426080C9426080C9426080C942608E8
:1000E0000C9426080C94A4100C94B30A0C94A00849
:1000F0000C9400360C941D200C947B210C943C1025
:100100000C945D210C947B230C94AD0A0C94DA0AB8
:100110000C946A200C949E200C94B5080C94212019
:100120000C94E00A0C94D3090C941A200C94CC0A79
:100130000C94A60F0C948B080C94E80A0C94ED0A0E
:100140000C9492080C947E210C94B70A0C94E20F44
:100150000C94EE0A0C94C80A0C94F60F0C94A708A1
:100160000C94AE080C9404360C9404100C947A2071
:100170000C94A1200C94D20A0C9499080C94D209E6
:100180000C94331E0C94EF0B0C944E210C9489208C
:100190000C9493210C9490210C947F200C94F20ADF
:1001A0000C94D30F0C94BB0A0C94D60A0C948408BC
:1001B0000C949A200C9407200C94ED1F0C94FB1FB8
:1001C0000C94A5200C9497210C9407360C94C20A29
:1001D0000C941B390C946A210C94BF0A0C941820BF
:1001E0000C94E40A546F6F44656570004E6F4D6562
:1001F0006D6F727900496E76616C6964496E7075D5
:100200007400496E636F6D706C657465496E7075CE
:100210007400456D707479496E707574004F6B0091
:10022000CDCCCC3D0AD7233C17B7D13877CC2B3275
:100230009595E6241FB14F0A000020410000C842F6
:1002400000401C4620BCBE4CCA1B0E5AAEC59D7455
:10025000227D007B226C6576656C223A223030313B
:10026000222C22646576696365223A22434F4E54FC
:10027000524F4C4C4552222C2264657363223A2221
:100280005052207468726573686F6C64206361708B
:1002900070656420617420004C48005248004C4551
:1002A0005645525F4C48004C455645525F524800F7
:1002B000534C4D004D4943524F53434F5045004C12
:1002C00049434B004C415345520050554D5032006C
:1002D00050554D5000435545320043554500227D51
:1002E00000736F6674776172650065787465726E0D
:1002F000616C002C226163746976655F6C6576655C
:1003000072223A22002C2274696D656F75745F6DDC
:100310006F6465223A007B226C6576656C223A2216
:10032000303030222C22646576696365223A22439C
:100330004F4E54524F4C4C4552222C2270617261E8
:100340006469676D223A2246495845445F524154D8
:10035000494F222C2274696D656F7574223A002210
:100360007D007B226C6576656C223A223030372224
:100370002C22646576696365223A22434F4E5452BB
:100380004F4C4C4552222C226576656E74223A22DF
:100390005354415254222C2274696D657374616DFB
:1003A00070223A302C22736F75726365223A2200F4
:1003B0007D007B226C6576656C223A2230303622D5
:1003C0002C2264657363223A22436F6D6D616E6403
:1003D000206E6F7420666F756E64222C22636F6DC1
:1003E0006D616E64223A007B226C6576656C223A00
:1003F00022303036222C22646576696365223A22E7
:100400004558545F54524947474552222C22657241
:10041000726F725F636F6465223A224558545F5071
:10042000494E5F494E56414C4944222C2264657323
:1004300063223A2245787465726E616C2074726929
:10044000676765722070696E206D757374206265D0
:100450002031382C2031392C203230206F7220325C
:1004600031222C22676F74223A007B226C657665FC
:100470006C223A22303030222C2264657669636522
:10048000223A224558545F54524947474552222C3C
:1004900022706172616D223A2270696E222C22767E
:1004A000616C7565223A007B226C6576656C223A38
:1004B00022303030222C22646576696365223A222C
:1004C000534C4D222C22706172616D223A22746964
:1004D0006D657374616D705F70696E222C22766138
:1004E0006C7565223A007B226C6576656C223A2237
:1004F000303036222C22646576696365223A2253B5
:100500004C4D222C226572726F72223A2270696EF3
:100510005F6E6F745F7063696E7430222C22766137
:100520006C7565223A007B226C6576656C223A22F6
:10053000303037222C22646576696365223A224383
:100540004F4E54524F4C4C4552222C226576656ECC
:1005500074223A22454E44222C2274696D657374CC
:10056000616D70223A007B226C6576656C223A22BE
:10057000303030222C22646576696365223A224D40
:100580004943524F53434F5045222C2270617261B0
:100590006D223A22747269676765725F70696E22B4
:1005A0002C2276616C7565223A004649524544001A
:1005B00074657374004D4943524F53434F50450087
:1005C000494E444550454E44454E54006D6F646558
:1005D000004C4153455200434F4E54494E47454EFF
:1005E00054006D6F6465004C415345520064757250
:1005F0006174696F6E004C415345520066726571BB
:1006000075656E6379004C41534552004649524529
:10061000440074657374004C41534552004649527E
:10062000454400746573740050554D503200647534
:10063000726174696F6E0050554D503200464952D8
:10064000454400746573740050554D5000647572D4
:100650006174696F6E0050554D50004649524544D3
:10066000007465737400435545320064757261749B
:10067000696F6E0043554532006672657175656E2F
:10068000637900435545320046495245440074653C
:10069000737400435545006475726174696F6E0030
:1006A000435545006672657175656E637900435503
:1006B00045001D0212020202F501EC01E40164751D
:1006C000726174696F6E00534C4D0066726571758E
:1006D000656E637900534C4D006C657665725F669C
:1006E000696C74657200434F4E54524F4C4C4552E6
:1006F0000073657373696F6E5F7061757365640015
:10070000434F4E54524F4C4C455200746573745FC6
:100710006D6F646500434F4E54524F4C4C45520030
:10072000464952454400746573745F636861696E3D
:1007300000434F4E54524F4C4C45520050554D5073
:100740000050554D5032006163746976655F707575
:100750006D7000434F4E54524F4C4C4552007261E5
:1007600074696F00434F4E54524F4C4C45520072C7
:1007700065696E666F72636564004C455645525FED
:100780004C48007265696E666F72636564004C4523
:100790005645525F4C4800726174696F004C455673
:1007A00045525F4C480074696D656F75745F6D6F7D
:1007B0006465004C455645525F4C480074696D6550
:1007C0006F7574004C455645525F4C480072656920
:1007D0006E666F72636564004C455645525F5248C1
:1007E000007265696E666F72636564004C455645BC
:1007F000525F524800726174696F004C4556455211
:100800005F52480074696D656F75745F6D6F6465E4
:10081000004C455645525F52480074696D656F75CE
:1008200074004C455645525F524800227D007B22A1
:100830006C6576656C223A22303036222C22646553
:100840007363223A220044495341524D45440041CA
:10085000524D454400227D002C2264657363223A88
:100860002200222C2270696E223A007B226C65766F
:10087000656C223A22303031222C2264657669631D
:1008800065223A2200222C22706172616D223A2286
:1008900070696E222C2276616C7565223A007B228B
:1008A0006C6576656C223A22303030222C226465E9
:1008B00076696365223A2200222C2276616C756586
:1008C000223A00222C22706172616D223A22007B52
:1008D000226C6576656C223A22303030222C2264FC
:1008E0006576696365223A220066616C73650074FF
:1008F00072756500222C2276616C7565223A0022A1
:100900002C22706172616D223A22007B226C657626
:10091000656C223A22303030222C2264657669637D
:1009200065223A2200227D00222C2276616C7565B8
:10093000223A2200222C22706172616D223A22003A
:100940007B226C6576656C223A22303030222C2274
:10095000646576696365223A220044495341524DE9
:1009600045440041524D454400227D002C226465DF
:100970007363223A22007B226C6576656C223A22F0
:10098000303031222C22646576696365223A224D2B
:100990004943524F53434F5045222C2270696E22D7
:1009A0003A0066616C73650074727565002C226490
:1009B00075726174696F6E223A002C2266726571DD
:1009C00075656E6379223A00222C2261726D65642E
:1009D000223A007B226C6576656C223A22303030F8
:1009E000222C22646576696365223A220066616C76
:1009F00073650074727565002C2264757261746988
:100A00006F6E223A00222C2261726D6564223A00D8
:100A10007B226C6576656C223A22303030222C22A3
:100A2000646576696365223A220066616C736500CD
:100A30007472756500222C2261726D6564223A0021
:100A40007B226C6576656C223A22303030222C2273
:100A5000646576696365223A220066616C7365009D
:100A6000747275650066616C7365007472756500FB
:100A70002C227265696E666F72636564223A002289
:100A80002C2261726D6564223A007B226C6576656A
:100A90006C223A22303030222C22646576696365FC
:100AA000223A2200027B226C6576656C223A223063
:100AB0003030222C22646576696365223A22434FE6
:100AC0004E54524F4C4C4552222C22736B6574632A
:100AD00068223A2266722E696E6F222C2276657227
:100AE00073696F6E223A2276332E342E302D626572
:100AF00074612E35222C22626175645F72617465A7
:100B0000223A3131353230302C2273636865647596
:100B10006C65223A2246495845445F524154494F38
:100B2000227D002C22656E645F74696D657374614B
:100B30006D70223A002C226576656E74223A224C42
:100B400049434B222C2273746172745F74696D6522
:100B50007374616D70223A00222C2270696E223A01
:100B6000007B226C6576656C223A22303037222C6D
:100B700022646576696365223A22002C22656E64E0
:100B80005F74696D657374616D70223A002C226523
:100B900076656E74223A225354494D222C22737486
:100BA0006172745F74696D657374616D70223A006F
:100BB0007B226C6576656C223A22303037222C22FB
:100BC000646576696365223A224C41534552222C72
:100BD0002270696E223A002C226D6973736564225B
:100BE0003A002C226576656E74223A2254494D45AE
:100BF0005354414D50222C2274696D657374616D9C
:100C000070223A007B226C6576656C223A22303085
:100C100038222C22646576696365223A224D494365
:100C2000524F53434F5045222C2270696E223A0096
:100C30002C226576656E74223A2254494D455354F0
:100C4000414D50222C2274696D657374616D702260
:100C50003A007B226C6576656C223A22303039226C
:100C60002C22646576696365223A22534C4D222C0E
:100C70002270696E223A0000002100240027002A19
:100C8000002D003000330001010000040107010ABB
:100C90000100002200250028002B002E0031003426
:100CA0000002010000050108010B0100000A0B020F
:100CB000090C0D0E080703040100000000000000ED
:100CC0000000000000000000000000000000000024
:100CD00000000000000000121110000000000000E1
:100CE0000000000000000000000000000000000004
:100CF0000044495341524D45440041524D45440042
:100D0000227D002C2264657363223A22007B226CD0
:100D10006576656C223A22303031222C2264657669
:100D2000696365223A22534C4D222C2270696E224F
:100D30003A0044495341524D45440041524D4544C7
:100D400000222C2270696E223A007B226C65766547
:100D50006C223A22303031222C2264657669636538
:100D6000223A224558545F54524947474552222C53
:100D7000226576656E74223A220001021020200856
:100D800008102040102040800201020108040201E6
:100D90000102040810204080804020100804020155
:100DA00080040201804020100804020108040201AE
:100DB0000102040810204080010204081020408035
:100DC000000020002300260029002C002F00320004
:100DD00000010000030106010901050505050705DD
:100DE00008080808020202020A0A080804040404A7
:100DF00001010101010101010303030303030303D3
:100E0000040707070C0C0C0C0C0C0C0C0202020261
:100E100006060606060606060B0B0B0B0B0B0B0B4A
:100E20004C455645525F4C48004C455645525F5222
:100E30004800227D002C226F7269656E74617469AE
:100E40006F6E223A22002C22656E645F74696D65B4
:100E50007374616D70223A00222C22737461727473
:100E60005F74696D657374616D70223A002C226540
:100E700076656E74223A225052455353222C2263D7
:100E80006C617373223A2200222C2270696E223A1E
:100E9000007B226C6576656C223A22303037222C3A
:100EA00022646576696365223A220054494D454FB4
:100EB000555400494E414354495645004143544915
:100EC0005645002C227363686564756C65645F61C8
:100ED00074223A002C22746172676574223A007B96
:100EE000226C6576656C223A22303036222C2265DF
:100EF00072726F725F636F6465223A22455F50457C
:100F00004E44494E475F46554C4C222C2264657333
:100F100063223A2250656E64696E6720616374696A
:100F20006F6E2071756575652066756C6C20E2804A
:100F30009420616374696F6E2064726F7070656471
:100F4000222C22616374696F6E5F74797065223A36
:100F5000005354494D00494E465553494F4E0049A0
:100F60004E465553494F4E00544F4E4500544F4E38
:100F700045004C415345520050554D505F32005092
:100F8000554D505F31004355455F32004355455F35
:100F900031002C22656E645F74696D657374616DD8
:100FA00070223A00222C2273746172745F74696D2E
:100FB000657374616D70223A002C226576656E74DB
:100FC000223A2200222C2270696E223A007B226C87
:100FD0006576656C223A22303037222C22646576A1
:100FE000696365223A2200001B3911241FBECFEF2E
:100FF000D1E2DEBFCDBF00E00CBF13E0A0E0B2E065
:10100000E8ECFCE800E00BBF02C007900D92A434AE
:10101000B107D9F727E0A4E4B3E001C01D92A835D9
:10102000B207E1F717E0C5EFD7E000E006C021976F
:101030000109802FFE010E942F44C43FD10780E0A8
:101040000807A9F70E947B3C0C9462460C940000B0
:1010500090911606292F092E000C330BF901E65248
:10106000F24FE491F0E0EE0FFF1FE054F24F459194
:1010700054915093180640931706F901E658F24F21
:10108000E491E093190640916B0086EF890F84305C
:1010900080F42650310981E001C0880F2A95EAF7D3
:1010A000842B80936B00809168008160809368003E
:1010B000089588E09233A1F384E0933389F382E0CA
:1010C000943371F39E5381E0983050F72E533109D9
:1010D000E2CFE82FF0E0DF01AA0FBB1FA05EBD4FFB
:1010E00011967C936E93883008F045C08827E458A9
:1010F000F74F8F4F0C942F44A008A70884088B0843
:1011000092089908AE08B5088091690083608093C1
:101110006900E89A0895809169008C608093690065
:10112000E99A089580916900806380936900EA9A42
:10113000089580916900806C80936900EB9A08950E
:1011400080916A00836080936A00EC9A0895809190
:101150006A008C6080936A00ED9A089580916A001D
:10116000806380936A00EE9A089580916A00806C93
:1011700080936A00EF9A0895CF93DF93EC01888102
:101180009981DC01ED91FC910190F081E02D64E208
:1011900070E01995009741F02FE1FC01238321E0D5
:1011A0002283DF91CF91089521E02A83FACF4F92D5
:1011B0005F926F927F92AF92CF92EF920F931F93B5
:1011C00010923E0410923F0431E03093400460934B
:1011D000410460934204109243041092440439E0A5
:1011E00030935A0434E630935B0410925E0435E089
:1011F0003093BC0410927A0433E030937B04009364
:101200007C0410927D0410927E0410927F04109250
:1012100080044090EC065090ED066090EE067090D1
:10122000EF0640928104509282046092830470928F
:1012300084041092850434E030938604E09287049D
:10124000109288041092890410928A0410928B04E0
:101250004090CB065090CC066090CD067090CE06A4
:1012600040928C0450928D0460928E0470928F0490
:101270001092900420939104263009F0AC2CA09297
:101280009204109293041092940410929504109278
:101290009604FC0181859285A385B485809397048B
:1012A00090939804A0939904B0939A0410929B048D
:1012B00087E080939C0489E080939D0410929E04B3
:1012C00010929F041092A0041092A1040091510664
:1012D0001091520620915306309154060093A204B7
:1012E0001093A3042093A4043093A50491E0909359
:1012F000A6044093A7048093A8041092A904109216
:10130000AA041092AB041092AC0480910406909150
:101310000506A0910606B09107068093AD04909350
:10132000AE04A093AF04B093B0041F910F91EF905F
:10133000CF90AF907F906F905F904F900895909175
:101340001306923039F1933049F18EEE890F8430D3
:10135000A0F487E1891B8430A9F08530B9F083308F
:1013600069F0E89882E090E0880F991FFC01E05E48
:10137000FD4F82ED99E0918380830895E99883E0A1
:1013800090E0F2CFEA9884E090E0EECFEB9885E031
:1013900090E0EACFEC9890E080E0E6CFED9881E035
:1013A00090E0E2CF0895E0912604F0912704309771
:1013B00029F08281882311F081E081830895909142
:1013C0001306923061F0933061F08EEE890F843015
:1013D00050F487E1891B63ED79E00C94690880E0A3
:1013E000FACF81E0F8CF0895609304067093050664
:1013F00080930606909307063091BC04EAE7F4E078
:1014000020E023130DC03091FF04EDEBF4E020E069
:101410002317B1F04081413071F02F5F3B96F8CF38
:101420004081413019F02F5F3B96EBCF6783708787
:1014300081879287F8CF6783708781879287EDCF06
:10144000089590913E04992339F090915C0421E035
:1014500030E0992319F0089530E020E09EE1929F5A
:10146000F001939FF00D1124E45DFB4F858B178AEB
:10147000F2CFE0910C02F0910D02608371838283C0
:101480009383E0910E02F0910F0260837183828357
:101490009383E0911002F091110260837183828343
:1014A0009383E0911202F09113026083718382832F
:1014B0009383E0911402F09115026083718382831B
:1014C0009383E0911602F091170260837183828307
:1014D0009383E0911802F0911902608371838283F3
:1014E0009383E0911A02F0911B02309721F0608300
:1014F000718382839383E0911C02F0911D023097E7
:1015000021F061877287838794870895EFE0F5E083
:101510001082709686E0EF30F807D1F70895815079
:10152000823108F05AC0E82FF0E08827E556F54FE1
:101530008F4F0C942F44BB0ABF0AAD0AB30AB70AF7
:10154000ED0AC20AC80ACC0AD20AD60ADA0AE00AA6
:10155000E40AED0AE80AEE0AF20A809180008F7729
:10156000809380000895809180008F7DF9CF8091D5
:101570008000877FF5CF84B58F7784BD089584B5CB
:101580008F7DFBCF8091B0008F778093B00008955E
:101590008091B0008F7DF9CF809190008F778093FC
:1015A00090000895809190008F7DF9CF80919000F8
:1015B000877FF5CF8091A0008F778093A00008955A
:1015C0008091A0008F7DF9CF8091A000877FF5CF1B
:1015D000809120018F7780932001089580912001D0
:1015E0008F7DF9CF80912001877FF5CFCF93DF9357
:1015F000282F30E0F901E555F34F8491F901E658C1
:10160000F24FD491F901E652F24FC491CC23A1F0EC
:1016100081110E948F0AEC2FF0E0EE0FFF1FE054C3
:10162000F24FA591B491EC91ED2381E090E009F4A3
:1016300080E0DF91CF91089580E090E0FACF1F9392
:10164000CF93DF93282F30E0F901E555F34F8491D4
:10165000F901E658F24FD491F901E652F24FC491E4
:10166000CC23A9F0162F81110E948F0AEC2FF0E0F5
:10167000EE0FFF1FEF56F34FA591B4918FB7F8947B
:10168000EC91111108C0D095DE23DC938FBFDF9160
:10169000CF911F910895DE2BF8CFCF93DF9390E089
:1016A000FC01E658F24F24918652924FFC0184913E
:1016B0008823C9F090E0880F991FFC01E958F34F87
:1016C000A591B491FC01EF56F34FC591D4916111EE
:1016D0000DC09FB7F8948C91209582238C938881BC
:1016E000282328839FBFDF91CF910895623051F462
:1016F0009FB7F8943C91822F809583238C93E88147
:101700002E2BEFCF8FB7F894EC912E2B2C938FBF0D
:10171000EACF3FB7F8948091850390918603A0911A
:101720008703B091880326B5A89B05C02F3F19F009
:101730000196A11DB11D3FBFBA2FA92F982F882751
:10174000BC01CD01620F711D811D911D42E0660F2C
:10175000771F881F991F4A95D1F708958F929F92FE
:10176000AF92BF92CF92DF92EF92FF920E94890BCD
:101770004B015C0184E6C82ED12CE12CF12C0E9497
:10178000890B681979098A099B09683E73408105AC
:101790009105A8F321E0C21AD108E108F10888EE0A
:1017A000880E83E0981EA11CB11CC114D104E10471
:1017B000F10429F7FF90EF90DF90CF90BF90AF90AA
:1017C0009F908F9008952FB7F89460918103709146
:1017D000820380918303909184032FBF08950F9318
:1017E0001F93CF93DF93C0912A04D0912B042097AD
:1017F000C9F08A81882331F08B818F3F19F08B816A
:101800008F5F8B8381E08A830E94E30B09851A85B1
:101810002B853C85601B710B820B930B6D837E8344
:101820008F839887DF91CF911F910F9108959091A9
:10183000080289130DC0E4EAFAE0E4919FEF909367
:101840000802E230E1F038F4EE2381F0E13089F073
:1018500060E00C941F0BE43049F110F1E530C1F762
:10186000909173009D7F90937300F2CF10926E0061
:10187000EFCF90916F009D7F90936F00E9CF909193
:1018800070009D7F9093700091E09093B0009091D4
:10189000B100987F94609093B1001092B300D8CFBC
:1018A000909171009D7F90937100D2CF90917200C2
:1018B0009D7F90937200CCCF4F925F926F927F92F8
:1018C0008F929F92AF92BF92CF92DF92EF92FF9250
:1018D0000F931F93CF93DF9300D01F921F92CDB72A
:1018E000DEB78B0129013A01909108028917C9F0EE
:1018F0009F3F09F491C00F900F900F900F900F90A1
:10190000DF91CF911F910F91FF90EF90DF90CF90DB
:10191000BF90AF909F908F907F906F905F904F900F
:101920000895E4EAFAE024912D8327FDE4CF61E0F5
:101930000E944D0B2D81222321F08D81823009F0F0
:1019400005C24801B12CA12C60E072E18AE790E069
:10195000A50198010E94B24229833A834B835C839C
:1019600069017A0191E0C91AD108E108F1082FEF65
:10197000C216D104E104F10409F00CF4B6C160E42C
:1019800072E48FE090E0A50198010E94B2426901E3
:101990007A0181E0C81AD108E108F1089D819230EE
:1019A00009F026C182E02FEFC216D104E104F10450
:1019B00009F00CF46CC160E970ED83E090E0A501E2
:1019C00098010E94B24269017A0181E0C81AD108E7
:1019D000E108F10883E09FEFC916D104E104F104A6
:1019E00009F00CF454C168E478EE81E090E0A501C0
:1019F00098010E94B24269017A0181E0C81AD108B7
:101A0000E108F1089FEFC916D104E104F10411F0D7
:101A10000CF044C184E03BC180930802E4EAFAE0A0
:101A200094919D839F3F09F466CF923009F474C06E
:101A300058F4992399F1913009F44CC097FD5BCF8C
:101A400061E00E944D0B79CF2D81243009F4AEC0A6
:101A500008F488C0253091F71092200110922101DE
:101A600090912101986090932101909121019160C2
:101A700090932101282F30E0F901E652F24FE491D2
:101A8000F0E0EE0FFF1FEF56F34F45915491F9012F
:101A9000E658F24FE491E093520349CF14BC15BCD1
:101AA00094B5926094BD95B5916095BD282F30E0B6
:101AB000F901E652F24FE491F0E0EE0FFF1FEF560E
:101AC000F34F45915491F901E658F24FE491E093B8
:101AD00056032DCF109280001092810090918100CA
:101AE0009860909381009091810091609093810023
:101AF000282F30E0F901E652F24FE491F0E0EE0FCA
:101B0000FF1FEF56F34F45915491F901E658F24FFC
:101B1000E491E09355030BCF1092B0001092B10006
:101B20009091B00092609093B0009091B10091605C
:101B30009093B100282F30E0F901E652F24FE49182
:101B4000F0E0EE0FFF1FEF56F34F45915491509385
:101B50006C0340936B03F901E658F24FE491E09374
:101B60006D03E5CE1092900010929100909191003B
:101B70009860909391009091910091609093910062
:101B8000282F30E0F901E652F24FE491F0E0EE0F39
:101B9000FF1FEF56F34F45915491F901E658F24F6C
:101BA000E491E093540393E09D83C1CE1092A00092
:101BB0001092A1009091A10098609093A100909143
:101BC000A10091609093A100282F30E0F901E65226
:101BD000F24FE491F0E0EE0FFF1FEF56F34F459107
:101BE0005491F901E658F24FE491E09353039FCEEC
:101BF0002FEFC216D104E104F10409F00CF4A4C0E3
:101C000068E478EE81E090E0A50198010E94B2427C
:101C100069017A0181E0C81AD108E108F1089D81C3
:101C2000992309F489C19FEFC916D104E104F10495
:101C300009F00CF4EFCE62E17AE780E090E0A501D4
:101C400094010E94B24269017A0181E0C81AD10868
:101C5000E108F1089D81992309F453C186E09FEFC3
:101C6000C916D104E104F10491F088F0C980DA804A
:101C7000EB80FC808AE0F594E794D794C7948A952A
:101C8000D1F781E0C81AD108E108F10887E0909106
:101C9000B100987F892B8093B1002FC064E274EF6C
:101CA00080E090E0A50194010E94B24269017A01AE
:101CB00081E0C81AD108E108F10885E09FEFC91654
:101CC000D104E104F10419F310F362E17AE780E052
:101CD00090E0A50194010E94B24269017A0181E07D
:101CE000C81AD108E108F108B9CF81E02D8121118E
:101CF000CECF95B5987F892B85BD2FEF3FEFA901FA
:101D0000411451046104710409F049C09D8192306D
:101D100009F4E7C00CF0CEC0992309F4D3C0913088
:101D200009F0E9CDD0928900C09288002093630326
:101D300030936403409365035093660380916F0072
:101D4000826080936F00D7CD82E0D0CFB12CA12CE0
:101D500060E072E18AE790E0A50198010E94B2423A
:101D600069017A0181E0C81AD108E108F108C114BB
:101D7000D10491E0E906F10404F591E02D812130D0
:101D800069F580918100887F892B809381002FEFF6
:101D90003FEFA901411451046104710419F2D80103
:101DA000AA0FBB1FA30192010E94D14228EE33E08B
:101DB00040E050E00E94E442A9CF68E478EE81E080
:101DC00090E0A50198010E94B24269017A0181E088
:101DD000C81AD108E108F10893E0D0CF8D81833093
:101DE00001F580919100887F892B809391002FEFDE
:101DF0003FEFA901411451046104710481F6D092AE
:101E00009900C092980020935F0330936003409341
:101E1000610350936203809171008260809371002E
:101E20006ACD2D81243009F58091A100887F892B0E
:101E30008093A1002FEF3FEFA901411451046104E9
:101E4000710409F0ACCFD092A900C092A8002093F1
:101E50005B0330935C0340935D0350935E0380917A
:101E6000720082608093720046CD8D81853009F0CA
:101E700044CF80912101887F892B809321012FEF0E
:101E80003FEFA901411451046104710409F087CFA7
:101E9000D0922901C0922801209357033093580310
:101EA0004093590350935A0380917300826080934A
:101EB000730021CD8D81843031F20CF4A0CF8530B8
:101EC00039F319CDC7BC209367033093680340935F
:101ED000690350936A0380916E00826080936E0064
:101EE0000ACDC092B30020936E0330936F034093EA
:101EF0007003509371038091700082608093700032
:101F0000FACC84E02FEFC216D104E104F10409F009
:101F100008F4EFCEC980DA80EB80FC809AE0F5947B
:101F2000E794D794C7949A95D1F791E0C91AD1084C
:101F3000E108F10885E0DDCE83E02FEFC216D10481
:101F4000E104F10411F00CF076CED3CEAF92BF9243
:101F5000CF92DF92EF92FF920F931F93CF93DF9375
:101F60006C017B018B01040F151FEB015E01AE18A4
:101F7000BF08C017D10759F06991D601ED91FC91C6
:101F80000190F081E02DC6011995892B79F7C501E3
:101F9000DF91CF911F910F91FF90EF90DF90CF9045
:101FA000BF90AF900895FC01538D448D252F30E0F4
:101FB000842F90E0821B930B541710F0CF96089556
:101FC00001970895FC01918D828D981761F0A28D83
:101FD000AE0FBF2FB11D5D968C91928D9F5F9F7349
:101FE000928F90E008958FEF9FEF0895FC01918DFF
:101FF000828D981731F0828DE80FF11D858D90E06C
:1020000008958FEF9FEF0895FC01918D228D892F08
:1020100090E0805C9F4F821B91098F7399270895F0
:1020200089E893E00E94041021E0892B09F420E064
:10203000822F0895FC01A48DA80FB92FB11DA35ABA
:10204000BF4F2C91848D90E001968F739927848FD8
:10205000A689B7892C93A089B1898C9183708064FB
:102060008C93938D848D981306C00288F389E02D9C
:1020700080818F7D80830895EF92FF920F931F934D
:10208000CF93DF93EC0181E0888F9B8D8C8D98132B
:102090001AC0E889F989808185FF15C09FB7F89437
:1020A000EE89FF896083E889F98980818370806483
:1020B00080839FBF81E090E0DF91CF911F910F91CE
:1020C000FF90EF900895F62E0B8D10E00F5F1F4FDD
:1020D0000F731127E02E8C8D8E110CC00FB607FCEC
:1020E000FACFE889F989808185FFF5CFCE010E947A
:1020F0001A10F1CFEB8DEC0FFD2FF11DE35AFF4FBE
:10210000F0829FB7F8940B8FEA89FB898081806207
:10211000CFCF0F931F93CF93DF938C01D0E0C0E01C
:10212000F801EC0FFD1F6491662341F089E893E00C
:102130000E943C10892B11F02196F2CFCE01DF9145
:10214000CF911F910F910895CF93DF93EC01888D6C
:102150008823B9F0AA89BB89E889F9898C9185FD22
:1021600003C0808186FD0DC00FB607FCF7CF8C91B0
:1021700085FFF2CF808185FFEDCFCE010E941A103E
:10218000E9CFDF91CF91089580E090E0892B29F08D
:102190000E94101081110E94000080E090E0892BC5
:1021A00049F080E090E0892B29F00E940000811125
:1021B0000E94000080E090E0892B49F080E090E0F0
:1021C000892B29F00E94000081110E94000080E00C
:1021D00090E0892B49F080E090E0892B29F00E9463
:1021E000000081110C9400000895CF92DF92EF92CD
:1021F000FF921F93CF93DF93EC016A017B018C81E7
:102200000E94F60A11E0892B09F410E08B8518175B
:1022100021F0CD8ADE8AEF8AF88E8D899E89AF897A
:10222000B88DB701A601481B590B6A0B7B0B898D32
:1022300090E0B0E0A0E084179507A607B70798F4F0
:102240008C85181781F01C878A851817A9F0CA8E0B
:10225000DB8EEC8EFD8EEAA1FBA1309721F0B70159
:10226000A601898519951B87DF91CF911F91FF905A
:10227000EF90DF90CF900895CE8EDF8EE8A2F9A286
:10228000ECA1FDA1309779F389851995ECCFFC017C
:10229000158213861486158616861786108A118A6B
:1022A000128A138A148A158A168A138E86818823C5
:1022B00011F0848183830895CF92DF92EF92FF9291
:1022C0000F931F93CF93DF93EC018E81811103C095
:1022D0008D89882369F18C810D851E852F8538892C
:1022E0006A017B01C01AD10AE20AF30A970186014A
:1022F00037FD18C009891A892B893C89401B510B6D
:10230000620B730B14161506160617065CF061E0D7
:10231000DF91CF911F910F91FF90EF90DF90CF90C1
:102320000C941F0B60E00E941F0B8D8981111D8A88
:10233000DF91CF911F910F91FF90EF90DF90CF90A1
:102340000895CF93DF93EC0161E088810E941F0B19
:1023500081E08D870E94E30B6E877F87888B998B46
:10236000DF91CF910895CF92DF92EF92FF92CF93BA
:10237000DF93EC0189859A85AB85BC850097A10523
:10238000B10581F44D8F5E8F6F8F78A349A35AA357
:102390006BA37CA31FA2DF91CF91FF90EF90DF9002
:1023A000CF9008956A017B01CD8EDE8EEF8EF8A26C
:1023B000BC01CD010E9493419B01AC0160E070E043
:1023C00080E89FE30E94824320E030E040E05FE34A
:1023D0000E94F44120E030E04AE754E40E94F441D6
:1023E00020E030E040E05FE30E9416430E94FB43A0
:1023F000C60ED71EE81EF91EC9A2DAA2EBA2FCA2E5
:102400008FA191E089278FA3C6CFCF92DF92EF9261
:10241000FF92CF93DF93EC016A017B018D899E8946
:10242000AF89B88DAB019601281B390B4A0B5B0BAA
:10243000DA01C901B7FD49C0898D9A8DAB8DBC8D7C
:10244000AB019601281B390B4A0B5B0BDA01C90162
:10245000181619061A061B06C4F18EA18823A9F1C5
:1024600089859A85AB85BC850197A105B10551F495
:1024700061E08C81DF91CF91FF90EF90DF90CF9062
:102480000C941F0B89A19AA1ABA1BCA1AB01960131
:10249000281B390B4A0B5B0BDA01C901B7FD04C0DD
:1024A000A601CE010E94B3118C819FA1992311F046
:1024B00061E0E0CF60E00E941F0B1FA2DF91CF918F
:1024C000FF90EF90DF90CF90089560E08C810E94A4
:1024D0001F0B1FA2898D9A8DAB8DBC8DC81AD90A8E
:1024E000EA0AFB0A8EA1882331F01C141D041E0485
:1024F0001F040CF41EA288A5882301F31C141D04DC
:102500001E041F04DCF618A6D9CF8F929F92AF92BB
:10251000BF92CF92DF92EF92FF920F931F93CF93D0
:10252000DF93EC018E81811104C088A1882309F416
:1025300045C07B0189899A89AB89BC894A015B01C5
:10254000881A990AAA0ABB0AC501B40197FD53C0AB
:102550000D891E892F89388D4A015701801A910AE9
:10256000A20AB30A95018401101611061206130679
:102570000CF441C02A8D2223A9F10C8D1D8D2E8DC6
:102580003F8D200F311F2115310511F421E030E07E
:10259000FB8C50E040E00E94E44260177107D8F4E1
:1025A000F1100AC069857A8520E030E0A9018C81AC
:1025B0000E945C0C81E08B8F81E0898FDF91CF914D
:1025C0001F910F91FF90EF90DF90CF90BF90AF9051
:1025D0009F908F900895FF2079F38C810E94170CB3
:1025E0001B8EEACF69857A8520E030E0A9018C81D5
:1025F0000E945C0CE1CF898D882301F38C810E94BD
:10260000170C198E1B8E88A18823C1F218A2D6CF71
:102610006F3FA9F0E62FE295EF7044E0E49F900150
:102620001124DC01ED91FC91E20FF31F6F708281A8
:102630009381B6E06B9F800D911D1124089590E069
:1026400080E00895982F80336CF08A3324F08F3522
:1026500024F08B3724F481E0089581341CF081E06C
:102660009B350CF080E00895FC01828581110AC041
:10267000A781B085CD010196908787838C91818752
:1026800081E08287818508951F93CF93DF93EC01CA
:10269000162F0E943413811306C01A8681E0DF9141
:1026A000CF911F91089580E0FACF0F931F93CF939E
:1026B000DF938C01EB018991882369F0C8010E94A6
:1026C0003413882379F0FE013197908198130DC05F
:1026D000F8011286F0CF90E080E0DF91CF911F915A
:1026E0000F91089582E090E0F8CF83E090E0F5CF7D
:1026F000CF93DF93EC01CE010E9434138B304CF466
:1027000089305CF4882359F081E08E8390E080E08A
:102710000BC08D3011F08032B9F71A86ECCF8E8164
:10272000811105C081E090E0DF91CF91089582E0B2
:1027300090E0FACFDC0152969C915297915084E040
:10274000989F900111245096ED91FC91E20FF31F98
:10275000228133812115310579F04181808148172B
:1027600058F481E0840F818386E0489F200D311D5D
:1027700011242115310521F460E070E08FEF0895F8
:10278000B901892F8295807F840F0895DF92EF929F
:10279000FF920F931F93CF93DF93EC017B01D12C1A
:1027A000688979898A89D816E0F484E0D89E800106
:1027B0001124060F171FD80112966D917C91611597
:1027C000710541F0D701ED91FC910280F381E02D7C
:1027D000C7011995F8011382128210821182D394D5
:1027E000DFCF1A8A8FEF8C8BC617D70761F0D7011E
:1027F000ED91FC910280F381E02DC7011995D98BF1
:10280000C88B84E08B8BDF91CF911F910F91FF904C
:10281000EF90DF900895AF92CF92DF92EF92FF9208
:102820000F931F93CF93DF93C0910902D0910A02B7
:1028300041E080910402909105028E52974009F484
:1028400040E0A0900002C0900102E09002020091DE
:10285000030220910B0260914104CE010E94D7082F
:10286000E091BC04E43008F46CC0CE58D64009F0C6
:10287000BCC0C0904503D0904603E0904703F09061
:10288000480380914D0390914E03A0914F03B09166
:10289000500300917D0410917E0420917F043091BB
:1028A0008004080F191F2A1F3B1F00937D041093FB
:1028B0007E0420937F0430938004409188045091DB
:1028C000890460918A0470918B04840F951FA61F60
:1028D000B71F8093880490938904A0938A04B093CF
:1028E0008B048091930490919404A0919504B091ED
:1028F00096048C0D9D1DAE1DBF1D80939304909377
:102900009404A0939504B093960480919E049091B2
:102910009F04A091A004B091A1044091550650914C
:1029200056066091570670915806840F951FA61F92
:10293000B71F80939E0490939F04A093A004B0932C
:10294000A10480915103882309F458C0E43018F0A1
:1029500083E080939B0410925C0481E080935D048B
:1029600080935E0480935F048093600410926104FE
:1029700010926204909144039093780494E69093AB
:1029800079048093FF041092BD0487E08093BE0415
:1029900089E08093BF048091550690915606A091DE
:1029A0005706B09158068093C0049093C104A09339
:1029B000C204B093C3048091510690915206A09135
:1029C0005306B09154068093C4049093C504A09319
:1029D000C604B093C704DF91CF911F910F91FF9070
:1029E000EF90DF90CF90AF900895C0904903D090C2
:1029F0004A03E0904B03F0904C0343CF10925E04E7
:102A0000EACF4F925F926F927F928F929F92AF9296
:102A1000BF92CF92DF92EF92FF920F931F93CF93CB
:102A2000DF9300D01F921F92CDB7DEB7DC012C914F
:102A30002B32E1F12D32D9F50196EE24E394FC011D
:102A4000208130ED320F3A3010F02E3291F58C01AA
:102A500060E070E0CB01F801219130ED832E820E11
:102A600039E0381508F444C06A3949E97407840725
:102A700049E1940708F046C0AAE0B0E09B01AC0130
:102A80000E94D142912CB12CA12C240135014094FB
:102A9000509460947094461657066806790690F133
:102AA000680D791D8A1D9B1D8F01D5CF0196E12CE4
:102AB000C6CF198229813A814B815C816D8170E09A
:102AC00080E090E00F900F900F900F900F90DF91AB
:102AD000CF911F910F91FF90EF90DF90CF90BF901B
:102AE000AF909F908F907F906F905F904F900895E0
:102AF000211108C0EE2051F161307105810550E8C7
:102B00009507A0F0F12CBAE08B2E912CA12CB12CC2
:102B10006115710530E883079105F8F0A50194016E
:102B20000E94E442CA01B901F394F2CF22E0298362
:102B30009B01AC0188279927DC01821B930BA40B16
:102B4000B50B8A839B83AC83BD83B4CF23E02983F9
:102B50006A837B838C839D83ADCFF801D8012D914F
:102B60008D0130ED320F3A3010F4F394F6CF2E325F
:102B700001F58F010F5F1F4FF8010F5F1F4F20817D
:102B8000A0EDDA2ED20EB9E0BD1598F06C3CECEC5D
:102B90007E07ECE08E07910578F7AAE0B0E09B0194
:102BA000AC010E94D1426D0D711D811D911DFA94E1
:102BB000E3CF20812F7D10E000E0253409F050C0E4
:102BC00021812D32B1F53296CC24C394DF0110E07F
:102BD00000E02F2D0F2C000C330BEAE0BE2EFD0180
:102BE000DD9040ED4D0D4A30B0F5B09EA001B19E94
:102BF000500D11240D2DDD0C110B00531109040F84
:102C0000151FA801420F531F4732510544F3CC2032
:102C1000B9F080E090E0A0E0B0E8E11003C080E00F
:102C200090E0DC0121E029838A839B83AC83BD8310
:102C300041CF2B3219F03196C12CC8CF3296FCCF40
:102C400080E090E0A0E8BFEFE110ECCF80E090E002
:102C5000A0E8BFE7E7CFCC2019F011950195110945
:102C60002081211126CF0F0D111DF7FC1A950E940E
:102C7000934148E3A42E42E0B42E101611063CF016
:102C800011950195110950E2A52E52E0B52ED12CD7
:102C9000C12C01151105E9F0F6E0CF16D104A9F019
:102CA00000FF0DC0F601EE0FFF1FEE0FFF1FEA0D34
:102CB000FB1D25913591459154910E94F441159544
:102CC00007952FEFC21AD20AE4CF60E070E080ECE3
:102CD0009FE7E110905821E029836A837B838C83EE
:102CE0009D83E8CECF92DF92EF92FF920F931F93D6
:102CF000CF93DF937C016B018A01FC01C081D181FC
:102D00004F3F510509F0B0F4E881F9810480F58165
:102D1000E02D4B5F5F4FCE011995009759F0FC01F4
:102D20000383DF91CF911F910F91FF90EF90DF9080
:102D3000CF900895E881F9810280F381E02DB601FA
:102D4000CE01199581E0F701828390E080E0E9CF20
:102D50001F93CF93DF93EC01162F6A817B8161155E
:102D6000710589F04C815D81FB0183818417150613
:102D700051F4440F551F4F5F5F4F888199810E9426
:102D800072169B838A838A819B81009759F02C81DC
:102D90003D81A9014F5F5F4F5D834C83820F931F7D
:102DA000FC011483DF91CF911F9108959F92AF9200
:102DB000BF92CF92DF92EF92FF920F931F93CF9328
:102DC000DF9300D01F921F92CDB7DEB78C010E9417
:102DD0003413D82EF8011286F12CE12C60EFC62EA8
:102DE000C8010E943413F8011286D81609F4B3C042
:102DF000811113C082E090E00F900F900F900F9020
:102E00000F90DF91CF911F910F91FF90EF90DF9086
:102E1000CF90BF90AF909F9008958C3509F099C0E6
:102E2000C8010E943413882329F3E2E9F2E08537D0
:102E300009F083C0F801128654E0952EB12CA12C24
:102E4000C8010E9434138823A9F2813434F48053DA
:102E5000803130F083E090E0CFCF8F7D8753F8CF83
:102E600044E0AA0CBB1C4A95E1F7A82AF801128697
:102E70009A949110E5CFC501985D8115944020F496
:102E80007501F3E0FF22ACCFC5019C5D8115944034
:102E9000A8F483E0B822B701762F6627770F770F63
:102EA0006A297B2990E080E00196603871058105F0
:102EB000910540F4C8010E94A81692CFB50190E098
:102EC00080E0F3CF1982262F2F7320682A8326E013
:102ED00096958795779567952A95D1F76032710514
:102EE00080F4606C6B835E01E4E0AE0EB11CF50112
:102EF00062915F01662309F473CFC8010E94A8168E
:102F0000F6CF262F2F7320682B8386E07695679562
:102F10008A95E1F76031710538F4606E6C835E016B
:102F2000F5E0AF0EB11CE3CF60686C83CD825E012B
:102F300026E0A20EB11CDBCF32969081992309F4D2
:102F400089CF8913F9CF8181882309F483CFF801D0
:102F50001286682FAFCF82819381892B19F484E088
:102F600090E04ACF90E080E047CF6F927F928F92BF
:102F70009F92AF92BF92CF92DF92EF92FF920F9308
:102F80001F93CF93DF93EC012A813B812C5F3F4F4E
:102F90004C815D814430510588F58901F90180E05B
:102FA000942FB22FAE2FA21BA91730F4F190A1E0FD
:102FB000F110A0E08A2BF6CF811120C082E0EB0156
:102FC0008C83FB01802F8B1B891728F4E8018991E2
:102FD0008E018193F7CF640F751FFB011082DF9183
:102FE000CF911F910F91FF90EF90DF90CF90BF9006
:102FF000AF909F908F907F906F9008958B01F90113
:10300000E40FF51F1082888199814C815D81DC017C
:103010001396ED91FC913A01E89477F86901C60C9A
:10302000D71C3097C1F0A381A615170481F449017C
:103030007F01B4E0EB0EF11C8C149D0429F1D40146
:10304000AD904D01D701BD907D01AB14A9F3019066
:10305000F081E02DE6CF6A817B810E947216FC012F
:10306000A881B98113968D919C9114979183808347
:103070001496FC93EE9313971B821A8285E0E80165
:103080008C83F983E883ABCF82818F5F8283F6CF15
:10309000DB01ED91FC9111970280F381E02DBC01E1
:1030A000CD011994AF92BF92CF92DF92EF92FF922F
:1030B0000F931F93CF93DF93EC018B018C8180FFE3
:1030C00024C0A881B981FB018381948130E020E094
:1030D0000097D9F0A817B907D1F5F801608171817F
:1030E00012968C911297815012968C93129781119F
:1030F0000CC08D919C9111972115310529F1F90191
:1031000091838083CD010E9448188C81807631F1B3
:10311000209721F1F8805801F5E1AF0EB11C8FEF37
:10312000F816D1F06F2DC5010E9408136C01FC0147
:10313000E580B8010E945218F801818DF601808364
:10314000F801F18EFE2CEBCF94838383DBCF9C01BF
:10315000FC0180819181BCCFF882F9821C82DF91D1
:10316000CF911F910F91FF90EF90DF90CF90BF9084
:10317000AF9008950F931F93CF93DF93EC010881D5
:1031800019818B819C81009749F0FC01208131815C
:103190003C832B83B8010E944818F3CF6881798162
:1031A000CE010596DF91CF911F910F910C94C6131C
:1031B000FC0101900020E9F73197AF01481B590B42
:1031C000BC0189E893E00C94A60F8F929F92AF9276
:1031D000BF920F931F93CF93DF93CDB7DEB7A19725
:1031E0000FB6F894DEBF0FBECDBF19A2423008F46F
:1031F0004AE08E010F5D1F4F842E912CB12CA12C23
:10320000A50194010E94E442E62FB901CA01EA3007
:10321000F4F4E05DD801EE938D01232B242B252BB4
:1032200079F790E080E0109719F0CD010E94D8184E
:10323000A1960FB6F894DEBF0FBECDBFDF91CF9140
:103240001F910F91BF90AF909F908F900895E95C70
:10325000E1CF4AE00C94E518682F70E090E080E040
:103260004AE00C94E518CF92DF92EF92FF92CF9351
:10327000DF936C01990FEE08FF08F7FE19C06DE2AD
:1032800089E893E00E943C10EC0166277727CB0188
:103290006C197D098E099F094AE00E94E5188C0F80
:1032A0009D1FDF91CF91FF90EF90DF90CF90089519
:1032B0004AE0C701B601DF91CF91FF90EF90DF9018
:1032C000CF900C94E518CF93DF930E948910EC0106
:1032D00085EA92E00E94D8188C0F9D1FDF91CF9154
:1032E0000895CF93C82F80931B068DE09DE00E9428
:1032F000891080911606082E000C990B0E94331934
:1033000083E09DE00E94891081EF9CE0CC2311F0C6
:103310008AEF9CE00E94891080E09DE0CF910C94A0
:1033200063190F931F93CF938C01C62FFC01648305
:1033300086E799E00E948910F8018081082E000C30
:10334000990B0E9433198CE699E00E9489108AE556
:1033500099E0CC2311F083E699E00E94891089E678
:1033600099E0CF911F910F910C946319EF92FF9206
:103370000F931F93CF93DF937C018B01EA0180E4CD
:1033800099E00E948910C7010E94891084E399E0A6
:103390000E948910C8010E94891088E299E00E9469
:1033A0008910CE010E94891085E299E0DF91CF91CA
:1033B0001F910F91FF90EF900C946319CF93DF93BF
:1033C0006DE789E893E00E943C10EC0185EA92E009
:1033D0000E94D8188C0F9D1FDF91CF9108954F92B6
:1033E0005F926F927F928F929F92AF92BF92EF9275
:1033F000FF920F931F93CF93DF932A013B01480164
:103400005901853009F480C008F061C0843009F4A6
:103410006FC0E0913204F09133041481CDE6DFE017
:103420004CE8E42E4FE0F42E8DEC9FE00E948910D2
:10343000C7010E94891084EC9FE00E948910812FAF
:10344000110F990B0E94331989EB9FE00E9489109C
:10345000CE010E94891084EA9FE00E948910809129
:10346000000690910106A0910206B0910306A30107
:103470009201281B390B4A0B5B0BCA01B9010E9450
:10348000291982E99FE00E9489108091000690919D
:103490000106A0910206B0910306A5019401281B24
:1034A000390B4A0B5B0BCA01B9010E942919DF9144
:1034B000CF911F910F91FF90EF90BF90AF909F9091
:1034C0008F907F906F905F904F900C94DE198630B4
:1034D00039F1873009F09DCFE0913A04F0913B0437
:1034E0001481C1E5DFE082E7E82E8FE0F82E9CCF63
:1034F000E0913404F09135041481C8E6DFE036E849
:10350000E32E3FE0F32E90CFE0913604F0913704A4
:103510001481CFE5DFE02FE7E22E2FE0F22E84CFFB
:10352000E0913804F09139041481C6E5DFE098E7B2
:10353000E92E9FE0F92E78CFCF92DF92EF92FF92A3
:103540000F931F93CF93DF93EC018881813009F4AF
:10355000D1C06A017B01813090F08230D1F48EE3DA
:1035600094E00E9447118CE594E0DF91CF911F9188
:103570000F91FF90EF90DF90CF900C9447118981CD
:10358000853009F47DC070F48330F1F1843009F4A2
:103590005AC0DF91CF911F910F91FF90EF90DF9074
:1035A000CF900895863009F488C0873091F7E09174
:1035B0003A04F0913B04309761F38681882349F304
:1035C00085A18111E6CF8F819885A985BA85C58AA5
:1035D000D68AE78AF08E8C0D9D1DAE1DBF1D818F92
:1035E000928FA38FB48F81E086A3CF010E94B31185
:1035F0000F81188529853A850C0D1D1D2E1D3F1D37
:10360000B701A60187E01CC0E0913204F0913304B9
:10361000309709F4BECF8681882309F4BACF0F8191
:10362000188529853A85C18AD28AE38AF48A0C0DE5
:103630001D1D2E1D3F1D058B168B278B308F83E0A4
:103640000E94EF19A6CFE0913404F0913504309731
:1036500009F49FCF8681882309F49BCF0F811885B9
:1036600029853A85C18AD28AE38AF48A0C0D1D1D08
:103670002E1D3F1D058B168B278B308F84E0E0CFEE
:10368000E0913604F0913704309709F482CF8681B7
:10369000882309F47ECF0F81188529853A85C58650
:1036A000D686E786F08A0C0D1D1D2E1D3F1D018B51
:1036B000128B238B348B85E0C3CFE0913804F091DB
:1036C0003904309709F465CF8681882309F461CFE6
:1036D0000F81188529853A85C586D686E786F08AC2
:1036E0000C0D1D1D2E1D3F1D018B128B238B348B4A
:1036F00086E0A6CF8981E0912C04F0912D048823E7
:1037000039F0813009F045CFE0912E04F0912F047B
:10371000309709F43ECFCF80D884E984FA844C0DE9
:103720005D1D6E1D7F1D418B528B638B748B31CF62
:103730002F923F924F925F926F927F928F929F92C1
:10374000AF92BF92CF92DF92EF92FF920F931F93AF
:10375000CF93DF9300D01F92CDB7DEB72A013B0194
:1037600003E4809F90011124312C8901C901845404
:103770009B4F9A8389834BE0242E49019EE4890E56
:10378000911CE981FA818081381608F098C0A32C39
:10379000B12CC801239C800D911D1124845D9B4F89
:1037A000FC01E25BFF4F2081233039F1805B9F4FAA
:1037B000FC018081893021F09091120689131DC08F
:1037C0002A9CF0012B9CF00D1124E00FF11FE3580F
:1037D000FB4FC080D180E280F380C114D104E104AA
:1037E000F10469F4B301A201C401329C800D911D62
:1037F0001124845D9B4F0E949C1A3394C2CFC40C49
:10380000D51CE61CF71CEFE0F5E090E080E020819D
:10381000211125C024E0880F991F2A95E1F7DC01CA
:10382000A050BB4F2A9CF0012B9CF00D1124E00FFF
:10383000F11FE658FB4F222D01900D922A95E1F7DA
:10384000845D9B4FFC01E152FF4FC082D182E28236
:10385000F3828D519F4F21E0FC012083CECF019652
:1038600070968031910599F68FED9EE00E94891047
:103870002A9CC0012B9C900D1124800F911F845D08
:103880009B4F9C838B83FC01E25BFF4F80810E94F6
:103890002C1984ED9EE00E948910EB81FC81E15B94
:1038A000FF4F80810E942C1983EC9EE00E948910BA
:1038B000C701B6010E9429190E94DE199ECF0F9000
:1038C0000F900F900F90DF91CF911F910F91FF906C
:1038D000EF90DF90CF90BF90AF909F908F907F90B0
:1038E0006F905F904F903F902F9008958AE49DE0F5
:1038F0000E94891080911506811111C082E39DE01C
:103900000E94891081E49DE00E9489108091130635
:10391000082E000C990B0E9433190C94DE198BE3CE
:103920009DE0EECF0F931F93CF93DF938C01D62FA3
:10393000C42F8AE89AE00E948910C8010E94891069
:103940008FE79AE00E94891085E69AE0DD2311F066
:103950008BE69AE00E94891080E79AE00E94891025
:103960008AE59AE0CC2311F080E69AE00E94891063
:10397000DF91CF911F910F910C94DE190F931F933C
:10398000CF938C01C62F80E49AE00E948910C80171
:103990000E94891085E39AE00E9489108AE29AE0E9
:1039A000CC2311F080E39AE00E948910CF911F91FF
:1039B0000F910C94DE19CF92DF92EF92FF920F934A
:1039C0001F93CF938C01C62F69017A0180E19AE0A1
:1039D0000E948910C8010E94891085E09AE00E9427
:1039E00089108DEE99E0CC2311F083EF99E00E94CD
:1039F000891088EF99E00E948910C701B6010E94E2
:103A00002919CF911F910F91FF90EF90DF90CF90E8
:103A10000C94DE197F928F929F92AF92BF92CF92B9
:103A2000DF92EF92FF920F931F93CF93DF93EC01FE
:103A3000762E49015A016701780183ED99E00E94D1
:103A40008910CE010E94891088EC99E00E948910AB
:103A500082EA99E0772011F088EA99E00E948910C3
:103A60008AEB99E00E948910C501B4010E942919CE
:103A70008DEA99E00E948910C701B6010E942919B8
:103A8000DF91CF911F910F91FF90EF90DF90CF903A
:103A9000BF90AF909F908F907F900C94DE19EF9223
:103AA000FF920F931F93CF937C018B01C42F8BE068
:103AB00099E00E948910C7010E9489108FEF98E059
:103AC0000E948910C8010E94891084EF98E00E942A
:103AD000891089EE98E0CC2311F08FEE98E00E94D7
:103AE0008910CF911F910F91FF90EF900C94DE19E8
:103AF000CF92DF92EF92FF920F931F93CF93DF93BA
:103B00008C01EB0169017A018FEC98E00E94891029
:103B1000C8010E94891083EC98E00E948910CE01B0
:103B20000E94891088EB98E00E948910C701B601B5
:103B30000E942919DF91CF911F910F91FF90EF9073
:103B4000DF90CF900C94DE19009711F00C94D818E8
:103B500090E080E00895EF92FF920F931F93CF9330
:103B6000DF93C0912C04D0912D04882321F0C091C3
:103B70002E04D0912F04209709F46EC0613009F40F
:103B800065C008F460C0623009F463C090E2E92EB9
:103B90009EE0F92E811104C089E2E82E8EE0F82E15
:103BA00081E99EE00E948910C7010E94891088E87F
:103BB0009EE00E9489108C810E942C198DE69EE067
:103BC0000E948910C8010E94891088E59EE00E9429
:103BD00089106A8D7B8D8C8D9D8D009100061091D2
:103BE00001062091020630910306601B710B820BC7
:103BF000930B0E94291986E49EE00E9489106E8D25
:103C00007F8D88A199A10091000610910106209155
:103C1000020630910306601B710B820B930B0E940E
:103C2000291985E39EE00E948910CE010D960E941D
:103C3000A41D82E39EE0DF91CF911F910F91FF9031
:103C4000EF900C9463190CEB1EE0A0CF03EB1EE089
:103C50009DCF0BEA1EE09ACFDF91CF911F910F917C
:103C6000FF90EF90089590910906911104C09091F2
:103C70000A06992371F090910B0691110AC0609188
:103C80001006882321F0813021F4609111060C94F4
:103C9000AB1D0895CF93DF93EC016E838BE698E024
:103CA0000E9489108F8198850E94A41D82E698E069
:103CB0000E9489108C81082E000C990B0E943319E8
:103CC00088E598E00E9489108E8181110AC086E4FF
:103CD00098E00E94891085E598E0DF91CF910C94DF
:103CE00063198FE498E0F5CF60E080910C02909129
:103CF0000D020E944A1E60E080910E0290910F0218
:103D00000E944A1E60E080911002909111020E9470
:103D10004A1E60E080911202909113020E944A1E96
:103D200060E080911402909115020E944A1E60E0AA
:103D300080911602909117020E944A1E60E08091C5
:103D40001802909119020E944A1E80911A029091C5
:103D50001B02009719F060E00E944A1E80911C022D
:103D600090911D02009719F060E00C94911908954C
:103D70001F93CF93DF93EC01162F8E81882321F0C0
:103D800060E0CE010E944A1E8D81813021F460E006
:103D90008C810E941F0B1C836D81812F0E944D0B13
:103DA0008D81813021F460E08C810E941F0B8EE9AF
:103DB00098E00E9489108F8198850E94A41D85E853
:103DC00098E00E9489108C81082E000C990B0E94AB
:103DD0003319DF91CF911F910C94DE19CF93DF93AC
:103DE000EC010E94B81E8C810E94F60A21E0892B0A
:103DF00009F420E02A878C810E94F60A21E0892BB1
:103E000009F420E02B878C810E94F60A21E0892B9F
:103E100009F420E02C871D8A1E8A1F8A188EDF91E4
:103E2000CF9108959F92AF92BF92CF92DF92EF927F
:103E3000FF920F931F93CF93DF938A01452B09F4D1
:103E400068C0E9016B016596FC016081CE010E94AA
:103E50000813FC01BB24BA94892B09F0B5807601C4
:103E6000E894F7F8AA24A3946701C00ED11E992400
:103E70009394309709F44DC0AA2009F43FC084817F
:103E8000843069F0853049F1823079F5DF010D9099
:103E90000020E9F71197CD018E1B9F0B07C0019001
:103EA000F081E02D90E080E0309781F79F77E81671
:103EB000F90621F5D801AC15BD05E1F46B2DCE0155
:103EC000DF91CF911F910F91FF90EF90DF90CF90F6
:103ED000BF90AF909F900C940813A081B181FD0119
:103EE000349613968C9190E0E2CF90E080E0F0E081
:103EF000E0E0DDCF9D9181919817E9F2A9246B2D27
:103F0000CE010E940813FC01892B09F4B2CFB580C1
:103F1000B0CF90E080E0DF91CF911F910F91FF90A3
:103F2000EF90DF90CF90BF90AF909F900895FC01ED
:103F300020813181C9014A96428153816481758112
:103F4000009759F0D9015E96EC91E03211F090E0C3
:103F500080E0009711F00C94121F90E080E008952B
:103F6000CF93DF93EB010E94971F009741F0FC0174
:103F70002481263021F48081DF91CF9108958881BA
:103F8000FBCFCF92DF92EF92FF92CF93DF9300D0DF
:103F90001F921F92CDB7DEB70E94971FDC01892BBD
:103FA00009F446C01496EC911497E250ED3008F0F5
:103FB0003FC0F0E08827E052F04E8F4F0C942F4422
:103FC000072018201A201D20ED1F18201820182067
:103FD000FB1F1820FB1F18202120CC908C2D0F9048
:103FE0000F900F900F900F90DF91CF91FF90EF9077
:103FF000DF90CF900895CD90DD90ED90FC908FEF05
:10400000C816D104E104F10449F340F311C0CD0115
:104010000E9401153A834B835C836D83CA80DB80E9
:10402000EC80FD80223059F3233049F3213069F0D0
:10403000C12CD4CF8D919C91EBCF8D919C91049606
:10404000E7CFCD90DD90ED90FC9020E030E0A9012D
:10405000C701B6010E942A4487FDEACF20E030E084
:104060004FE753E4C701B6010E948E41181604F3CE
:10407000C701B6010E94FB43C62EB0CFCF92DF929C
:10408000EF92FF92CF93DF9300D01F921F92CDB794
:10409000DEB70E94971FDC01892B09F44BC01496F0
:1040A000EC911497E250ED3008F044C0F0E088271E
:1040B000E35AFF4D8F4F0C942F4489209A209E2065
:1040C000A1206A209A209A209A207A209A207F2084
:1040D0009A20A5206C9170E090E080E00F900F9006
:1040E0000F900F900F90DF91CF91FF90EF90DF90A6
:1040F000CF9008956D917D918D919C91EFCF8D9191
:104100009D910D90BC91A02DB7FD14C0BC01CD01B7
:10411000E5CFCD010E9401153A834B835C836D830B
:10412000CA80DB80EC80FD80223059F1233059F1C8
:10413000213079F060E070E0CB01D0CF8D919C917F
:10414000E9CF8D919C910496E5CFCD90DD90ED90D7
:10415000FC9020E030E0A901C701B6010E942A448A
:1041600087FDE8CF2FEF3FEF4FE75FE4C701B601D0
:104170000E948E411816F4F2C701B6010E94FB435B
:10418000ADCFF7FCD7CFC701B601A8CF8F929F92D2
:10419000AF92BF92CF92DF92EF92FF920F931F9355
:1041A000CF93DF9300D000D0CDB7DEB749015A01DD
:1041B00067017801FB0101900020E9F73197E61BC8
:1041C000F70B9A8389837C836B83ED838F2F8F77A3
:1041D0008E83CE0101960E94971F0097B9F0FC01D3
:1041E00024812A3041F02C3089F480819181A28190
:1041F000B381B7FD0BC0CE0101960E943E2086160A
:104200009706A806B90610F44B015C01C501B4017C
:10421000C616D706E806F90610F4C701B6012696B9
:104220000FB6F894DEBF0FBECDBFDF91CF911F91C7
:104230000F91FF90EF90DF90CF90BF90AF909F9045
:104240008F900895CF92DF92EF92FF92CF93DF93FA
:1042500000D01F921F92CDB7DEB70E94971FDC01DE
:10426000892B09F448C01496EC911497E250ED3074
:1042700008F041C0F0E08827EF5BFE4D8F4F0C94B3
:104280002F447E217B21902193214E217B217B2174
:104290007B215D217B216A217B2197216C9170E03C
:1042A000CB010F900F900F900F900F90DF91CF9157
:1042B000FF90EF90DF90CF9008958D919D910D909C
:1042C000BC91A02D811520E89207A105B10598F4B5
:1042D000BC01E6CF8D919D910D90BC91A02D6C01FC
:1042E0007D0120E8D20EE11CF11CC114D10421E0B3
:1042F000E206F10468F370E060E0D2CFCD010E94E5
:1043000001153A834B835C836D83CA80DB80EC802C
:10431000FD80223049F1233099F1213061F70BC043
:104320008D919C91ECCF8D919C910496E8CFCD908E
:10433000DD90ED90FC9020E030E040E057ECC701CC
:10434000B6010E942A4487FDD6CF20E03EEF4FEF12
:1043500056E4C701B6010E948E41181664F2C701E7
:10436000B6010E94F4439CCFD701C6019058AF4FCD
:10437000BF4F0097A140B10508F0BDCFB60190CF67
:10438000C11480E8D806E104F104C0F3B4CF0F9360
:104390001F93CF93DF93EC018B010E94971FFC01C9
:1043A000892B29F084818A3051F08C30C1F0F801DA
:1043B00080819181DF91CF911F910F91089580812C
:1043C0009181A281B38181159048A105B10578F74B
:1043D000CE01DF91CF911F910F910C94222180810A
:1043E0009181A281B3819058AF4FBF4F0097A140F8
:1043F000B105E8F6EDCF8F929F92AF92BF92CF9228
:10440000DF92EF92FF920F931F93CF93DF93182FBA
:104410000E94E30B6B017C01C0927703D09278037A
:10442000E0927903F0927A038DE296E00E94A11166
:1044300010920A0610920B06C0920006D092010656
:10444000E0920206F092030681E0809309068EE373
:1044500094E00E9447118CE594E00E944711CCE261
:10446000D4E08C89882341F08A89813009F015C114
:10447000CD8EDE8EEF8EF8A26E9624E0C836D2077F
:1044800081F7EFE0F5E01082709686E0EF30F807F4
:10449000D1F7E0912C04F0912D04309721F0118A8E
:1044A000128A138A148AE0912E04F0912F04309717
:1044B00021F0118A128A138A148AE0913A04F09149
:1044C0003B043097A9F0158A168A178A108E118E30
:1044D000128E138E148E158E168E178E10A211A2A8
:1044E00012A213A214A216A217A210A681E081A7FD
:1044F0000E940B1482E693E00E94891081EE92E004
:10450000112311F08AEE92E00E9489108FE593E06A
:104510000E94631986E193E00E9489106091730301
:104520007091740380917503909176030E9429190C
:1045300085E093E00E948910809172030E942C19FB
:1045400083EF92E00E94891080910402909105020D
:104550008E52974009F4CCC088E992E00E948910FD
:104560008EED92E00E946319E0900407F090050739
:10457000009106071091070720910007309101076D
:1045800040910207509103076091E5068AED92E0A1
:104590000E940A1DE090CB06F090CC060091CD065B
:1045A0001091CE062091C7063091C8064091C906E9
:1045B0005091CA066091C40685ED92E00E940A1DE2
:1045C0002091BA063091BB064091BC065091BD06C1
:1045D0006091AA0680ED92E00E94DB1C2091970674
:1045E000309198064091990650919A0660919406F0
:1045F0008AEC92E00E94DB1CE0906F06F09070065F
:10460000009171061091720620916E0630E050E024
:1046100040E060914A0684EC92E00E940A1D60919D
:1046200079068FEB92E00E94BE1C6091310684EB0C
:1046300092E00E94BE1CE0902906F0902A060091AC
:104640002B0610912C0620912506309126064091CC
:1046500027065091280660911B0680EB92E00E948D
:104660000A1D40913E076091340787EA92E00E945C
:10467000921C4091180760910E078EE992E0DF913D
:10468000CF911F910F91FF90EF90DF90CF90BF904F
:10469000AF909F908F900C94921C823009F0ECCEDA
:1046A00089A49AA4ABA4BCA460E070E0CB01181468
:1046B00019041A041B0434F40E943641A501940124
:1046C0000E94B2426C0D7D1D8E1D9F1D69A37AA3B1
:1046D0008BA39CA389A59AA5ABA5BCA58C0D9D1DFC
:1046E000AE1DBF1D8DA39EA3AFA3B8A71DA6C4CEAC
:1046F0008BE992E033CF2F923F924F925F926F926D
:104700007F928F929F92AF92BF92CF92DF92EF9261
:10471000FF920F931F93CF93DF939091090691110E
:1047200005C090910A06992309F44BC070900B06BE
:10473000711047C0823008F044C080931206811186
:1047400053C0E0912C04F0912D04309709F052C031
:1047500091E090931006911134C06A017B01182FEB
:10476000CCE2D4E0612C512C22242A94312C94E602
:10477000892E912CA12CB12C442443940C89002324
:1047800089F08A89823009F4702E9EA5993011F043
:10479000191308C0813009F490C008F443C0823076
:1047A00009F490C06E9654E0C836D50739F77720E3
:1047B00009F4C6C06110C4C081E01111BEC080936D
:1047C0001006DF91CF911F910F91FF90EF90DF9036
:1047D000CF90BF90AF909F908F907F906F905F90A1
:1047E0004F903F902F900895E0912E04F0912F0468
:1047F0003097B1F09089992361F00189128923895A
:10480000348992E0041715072607370718F490E05B
:1048100001C091E0882309F49CCF909311069BCFAF
:1048200091E0FBCF8F898F5F8F8B9D89891708F46B
:10483000B9CF8FA5843658F40E943641A501940162
:104840000E94B2428FA5681710F01F8AABCF1F8A53
:10485000288D222351F03D89C101821B910938170F
:10486000190609F0F4F4230F2D8B8B89823008F0A0
:1048700058C043E4489F90011124F901E454FB4FD0
:10488000408126583B4F90E0491709F44AC0255F04
:104890003F4FF9013B975081513009F441C09F5F70
:1048A000F3CF83E592E00E9489108D890E942C1934
:1048B00080E592E00E946319D8CFCD8EDE8EEF8E18
:1048C000F8A270CF8DA581116DCF89A19AA1ABA15E
:1048D000BCA1A7019601281B390B4A0B5B0BDA011F
:1048E000C901B7FD5FCF8DA19EA1AFA1B8A58C195D
:1048F0009D09AE09BF09181619061A061B060CF009
:1049000051CF8FA5843610F04DA6AFCF0E9436410F
:10491000A50194010E94B2428FA56817A8F342CF67
:10492000502E9A89923009F4602E823008F03ACFE6
:10493000B701A6010E94981B35CF8093110641CF85
:1049400080910806882319F0552009F43ACFE091A8
:104950002C04F0912D04112321F0E0912E04F0910C
:104960002F04309709F42DCF40910406509105068D
:104970006091060670910706C40ED51EE61EF71E4E
:10498000C18AD28AE38AF48A1CCFBF92CF92DF9287
:10499000EF92FF920F931F93CF93DF93EC01198D4A
:1049A0001F3F81F0612F45960E940813FC01808112
:1049B000898F309709F477C014828FEF8583BF0108
:1049C000812F76C06C0135E0C30ED11CE880F980E0
:1049D0008F89882341F0C6010E949A13E62FF72F92
:1049E000182F309749F71F89988D191324C010315B
:1049F00009F459C0110F6D897E89D701ED91FC91A1
:104A0000B4E01B9FA0011124C616D70609F044C0CC
:104A10000190F081E02DBA01C7011995009709F4C2
:104A200042C020E1F601DC0101900D922A95E1F7E8
:104A30009E8B8D8B188F0D891E898F8921E0280F01
:104A40002F8BE4E08E9FC0011124080F191F90E105
:104A5000B92E203111F48FE0B82EF6E0BF9EB001E0
:104A60001124D701ED91FC910190F081E02DC70157
:104A70001995F80193838283892B09F4B12CD8010D
:104A8000BC9211961C92012B71F0C6010E949A13E0
:104A9000E62FF72F182F8DCF0480F581E02DC70169
:104AA0001995009729F681E08A8360E070E08FEF26
:104AB000DF91CF911F910F91FF90EF90DF90CF90FA
:104AC000BF9008954F925F926F927F928F929F92C4
:104AD000AF92BF92CF92DF92EF92FF920F931F930C
:104AE000CF93DF9300D01F921F92CDB7DEB78C011A
:104AF0007B01B42E0E9478136C01892B09F048C009
:104B0000C8010E943413863609F4A9C124F58732FE
:104B100029F08B3561F1823209F0A8C1D8011596D0
:104B20001C921E92149712968D919C911397892B2B
:104B300039F48D919C910E94BC08F8019383828383
:104B4000C8010E94D6166C01892B11F5B701C80166
:104B50000E94B5171DC0843709F460C18B3709F472
:104B60007BC08E3609F082C160EC72E060C180E4E7
:104B7000D70114968C931497E114F10421F08FEF70
:104B80008C9311968C93B1101AC025E0C22ED12CB3
:104B9000C6010F900F900F900F900F90DF91CF9163
:104BA0001F910F91FF90EF90DF90CF90BF90AF904B
:104BB0009F908F907F906F905F904F900895F80135
:104BC0001286C8010E947813009751F56DE5C8015F
:104BD0000E9444138111DCCFBA94D8011B966D90CA
:104BE0007C90C3010E94C524A82E4B01672B21F4A1
:104BF00094E0C92ED12CCCCFF70161816F3F91F0A9
:104C0000C30145960E940813DC011596AC92F7018A
:104C1000A1824B2DB401C8010E946225009739F092
:104C20006C01B6CFD7018C9311968C93F2CFC8014B
:104C30000E9478130097A1F76DE5C8010E94441304
:104C40008111A6CF6CE2C8010E9444138111C5CF27
:104C500083E0C82ED12C9CCF80E2F7018483E1143D
:104C6000F10419F08FEF80838183BB2009F48DCF8D
:104C7000D8011A961C92C8010E947813009781F6F9
:104C80006DE7C8010E944413811182CFBA94F801E4
:104C90001582148282819381892B49F480819181CC
:104CA0000E94BC08D80113969C938E931297C8015A
:104CB0000E9434138732F9F08232E9F0C8010E9471
:104CC0003413D82E0E942213882311F2F801128681
:104CD0006D2DC8010E94A816C8010E943413D82E59
:104CE0000E9422138111F2CFD80112968D919C91CE
:104CF000892B41F47DCFC8010E94D6166C01892B07
:104D000009F046CFC8010E9478136C01892B09F085
:104D10003FCF6AE3C8010E944413882309F498CF67
:104D2000D8011296ED91FC91139714968D919C9158
:104D30001597E80FF91F148214966D917C911597C1
:104D40007F771B966D907C901C9712968D919C910D
:104D50000496272F2F77BA2DB078AB2EA22AE8948D
:104D6000A7F89301AC017A2DC7010E94121F6C01B4
:104D7000009761F5C3010E94C524482E4B01672BA3
:104D800009F436CFC3010E94C524582E962FC92E90
:104D9000D72EC114D10409F42BCFF4015582D701C9
:104DA00011966C916F3F71F0C30145960E940813F4
:104DB000FC014582D70111965C92B401C8010E94A2
:104DC000B51707C0F70140825182F7CFB3010E94A7
:104DD00052184B2DB601C8010E9462256C01892B27
:104DE00009F0D6CEC8010E9478136C01892B09F016
:104DF000CFCE6DE7C8010E9444138111C9CE6CE289
:104E0000C8010E944413882309F422CFC8010E94DC
:104E100078136C01892B09F43ACFBACE86E0D7011A
:104E200014968C93149781E08C9365EB72E0C80123
:104E30000F900F900F900F900F90DF91CF911F91D7
:104E40000F91FF90EF90DF90CF90BF90AF909F9029
:104E50008F907F906F905F904F900C94551386E0E9
:104E6000F701848310826AEB72E0E1CFC8010E94EF
:104E700034134801FDE08F0E911CB12C782CA92C25
:104E8000803384F08A3384F43FE3B316A9F0D80169
:104E90001A961C92B394F40181934F01C8010E94A9
:104EA0003413EECF8B3281F393ED980F923060F391
:104EB000982F9F7D953441F30B0D111DD8011D9640
:104EC0001C92872D9A2D0E9401153A834B835C8397
:104ED0006D838A819B81AC81BD812230A9F0233012
:104EE00059F0213009F0B4CE2EE0F70124838083FD
:104EF0009183A283B3834CCE2AE0F701248380837D
:104F00009183A283B38344CE2CE0F7CF4F925F927C
:104F10006F927F928F929F92AF92BF92CF92DF92C9
:104F2000EF92FF920F931F93CF93DF93CDB7DEB72E
:104F3000CF5ED1090FB6F894DEBF0FBECDBF6E01B4
:104F40002EECC20ED11C86E092E0F60191838083A4
:104F5000128214821382C6010596968B858B178A5E
:104F600084E0808F8FEF818F168E878F9E012F5F59
:104F70003F4F590110E000E00E94E30B6093910362
:104F800070939203809393039093940389E893E042
:104F90000E94E20F97FD02C00C94EF350E94E30BD4
:104FA000409091035090920360909303709094030B
:104FB000641975098609970940908D0350908E03F6
:104FC00060908F03709090036415750586059705B2
:104FD000E8F20F37110561F489E893E00E940410AC
:104FE000892B31F089E893E00E94E20F0A97A1F73C
:104FF000E1E0F0E0EC0FFD1FE00FF11F1082053043
:10500000110578F045E050E065EC72E0CE010196C4
:105010000E943D46892B29F485EA9AE00E94631993
:105020004CC4F60160817181C60105960E94C613C9
:10503000F601128200811181F6018381948100972B
:1050400051F0FC0120813181F60134832383B801C2
:105050000E944818F1CF168ECF57DF4FD982C882F1
:10506000C158D040CD57DF4F19821882C358D04065
:10507000CB57DF4F19821882C558D040C957DF4F30
:105080001882C758D04021E030E02C0F3D1FC85790
:10509000DF4F39832883C858D040C557DF4F188267
:1050A000CB58D040C457DF4FD982C882CC58D040AB
:1050B0004AE0B601665E7F4FCE018F579F4F0E9438
:1050C00062258C01892B69F4C657DF4F8881CA5845
:1050D000D040882331F0F601868D83FF02C003E0C3
:1050E00010E0CD57DF4F88819981C358D040009799
:1050F00051F0CF57DF4FE881F981C158D04060812E
:1051000071810E94481801151105F1F08EE298E0B6
:105110000E948910F801EE0FFF1FEE54F94F8591A0
:1051200094910E9489108BE298E00E94631989E8AB
:1051300093E00E940410181619060CF0BEC389E80B
:1051400093E00E94E20FF3CFCF57DF4FD982C8829E
:10515000C158D0408BEC92E0CD57DF4F99838883C4
:10516000C358D04083E0CB57DF4F8883C558D04029
:10517000CA57DF4F1881C658D04010781068CA57F8
:10518000DF4F1883C658D040CE018F579F4F0E94E3
:10519000971F009709F491C3FC018481882309F4C7
:1051A0008CC31068CA57DF4F1883C658D040CE0151
:1051B0008F579F4F0E9422218C01893DF1E09F076C
:1051C00009F42AC10CF0D7C1883731E0930709F4FC
:1051D00018C50CF026C18733914009F4FCC308338D
:1051E00081E018070CF0E1C00D3291E0190709F4D5
:1051F00011C30CF0CAC060E00C32F1E01F0709F4E3
:105200000AC3093EF3E01F0711F40C94AE310CF011
:1052100020C70A3731E0130709F4ABC60CF08DC67E
:105220000836110511F40C9486330CF0BAC5053616
:10523000110511F40C945D330CF08DC50436110585
:1052400009F0CBC480917F03811137C3809115068B
:10525000882351F0109215060E949F09F89410922D
:10526000140678940E94761C0E94E30B4B015C01AB
:1052700080927B0390927C03A0927D03B0927E0388
:10528000809131068823C9F080913F06811115C0B5
:105290008DE296E00E94A111809240069092410614
:1052A000A0924206B092430681E080933F06F894B4
:1052B00010922F0610923006789480907B03909085
:1052C0007C03A0907D03B0907E031092090610929B
:1052D0000B06EFE0F5E01082709656E0EF30F50730
:1052E000D1F78EE394E00E9447118CE594E00E9490
:1052F0004711E0913204F0913304309711F00C948F
:105300007533E0913404F0913504309719F08481BD
:105310000E94170CE0913604F0913704309721F089
:1053200060E084810E941F0BE0913804F091390401
:10533000309721F060E084810E941F0BE0913A04D5
:10534000F0913B04309729F011A660E084810E941F
:105350001F0B86E295E00E9489108091770390915F
:105360007803A0917903B0917A03A5019401281BD9
:10537000390B4A0B5B0BCA01B9010E9429190E9423
:10538000DE1981E080937F0398C20F3221E012077B
:1053900009F4FDC260E0063331E0130709F031CFB4
:1053A00080911202909113023AC2033741E0140730
:1053B00009F438C23CF5093381E0180709F021CF20
:1053C00000911202109113020E94E30BF801618B0D
:1053D000728B838B948B85849684A784B088DC0140
:1053E000CB01880D991DAA1DBB1D858B968BA78BA4
:1053F000B08F81E080A34BE556E061E676E086E67B
:1054000096E0E6C2043791E0190709F471C2053746
:10541000E1E01E0709F0F5CE083D114009F47DC01A
:105420004CC28139F1E09F0709F4F5C2CCF58E3703
:1054300031E0930709F4D1C21CF58D37914009F092
:10544000E0CEEE24EA94FE2C00E010E021E030E013
:1054500040E050E06FEC72E0C6010E94C6209B0164
:10546000AC01E0911202F091130221873287438749
:10547000548769E776E083E896E00E94781D1DC2B4
:10548000023881E0180709F4D1C360E0003991E0E7
:10549000190709F0B6CE8091140290911502BFC190
:1054A0008B39E1E09E0709F4DAC27CF4833921E00C
:1054B000920709F4B2C260E08A39914009F0A1CEA6
:1054C0008091160290911702AAC18D3941E094078C
:1054D00009F4E7C2883D914009F093CE10ECE12E2B
:1054E00017E2F12E09E010E021E030E040E050E06A
:1054F00069ED72E0C6010E94C6209B01AC01E091FB
:105500001402F091150221873287438754876DE496
:1055100076E086E596E00E94781DCF57DF4FD9826E
:10552000C882C158D04089ED92E0CD57DF4F9983B2
:105530008883C358D04088E0CB57DF4F8883C55855
:10554000D040CA57DF4F8881C658D04080788068E5
:10555000CA57DF4F8883C658D040CE018F579F4F20
:105560000E943E206093BA067093BB068093BC06EF
:105570009093BD0609C20F3982E0180709F4C7C22B
:105580000CF088C0053FE1E01E0709F4ACC274F5D9
:10559000023E21E0120709F464C2C4F40C3D41E06C
:1055A000140709F02ECE15E3E12EF12C00E010E0F7
:1055B00022E030E040E050E062EE72E0C6010E947E
:1055C000C62080911402909115022DC3063E51E031
:1055D000150709F43EC360E0043F81E0180709F0B5
:1055E00010CE809118029091190219C1083592E0ED
:1055F000190709F483C2C4F40034F2E01F0709F06C
:1056000000CE15E3E12EF12C00E010E022E030E0C6
:1056100040E050E062EE72E0C6010E94C620809138
:10562000180290911902FFC2093522E0120709F40D
:105630005CC20B3532E0130709F0E3CD00911A028A
:1056400010911B020115110509F437C10E94E30BEB
:10565000AB01BC01F801458B568B678B708F85853C
:105660009685A785B089840F951FA61FB71F818FC8
:10567000928FA38FB48FFF24F394F6A2C8010E94E7
:10568000B311F801F0A64CE056E062E176E087E164
:1056900096E09EC1043843E0140709F4A8C20CF058
:1056A00075C0043A82E0180709F4E6C20CF054C051
:1056B000003AE2E01E0709F0A4CD10ECE12E17E25B
:1056C000F12E09E010E021E030E040E050E069ED2B
:1056D00072E0C6010E94C6209B01AC01E0911A0253
:1056E000F0911B02309751F0258736874787508B02
:1056F0006DEE75E086EF95E00E94781DCF57DF4F85
:10570000D982C882C158D04089ED92E0CD57DF4F91
:1057100099838883C358D04088E0CB57DF4F888374
:10572000C558D040CA57DF4F8881C658D0408078CE
:105730008068CA57DF4F8883C658D040CE018F5744
:105740009F4F0E943E2060936F0670937006809377
:1057500071069093720618C1093AF2E01F0709F426
:1057600023C20A3A22E0120709F04BCDE0911A0257
:10577000F0911B02309709F4A0C081E085A340ECB2
:1057800055E06CEC75E081ED95E022C1003D33E021
:10579000130709F48BC2D4F4053853E0150709F454
:1057A00015C2073883E0180709F02BCD80911C0241
:1057B00090911D02009709F410C20E94A1114AEABB
:1057C00055E060EB75E085EB95E002C1043394E0B1
:1057D000190709F4A4C20036E5E01E0709F011CD4F
:1057E00080910E0290910F02892B09F466C015E397
:1057F000E12EF12C00E010E022E030E040E050E04B
:1058000062EE72E0C6010E94C62080910E02909165
:105810000F029EC261E080911002909111020E94DD
:105820004A1E4BC0EE24EA94FE2C00E010E021E07A
:1058300030E040E050E06FEC72E0C6010E94C6200C
:105840009B01AC01E0911002F09111022187328797
:105850004387548764EA76E08EEA96E00E94781DDA
:10586000CF57DF4FD982C882C158D0408FEC92E029
:10587000CD57DF4F99838883C358D04089E0CB57F9
:10588000DF4F8883C558D040CA57DF4F8881C6583C
:10589000D04080788068CA57DF4F8883C658D04090
:1058A000CE018F579F4F0E943E2060930007709358
:1058B00001078093020790930307C6010E94BA185C
:1058C000C151DF4F0FB6F894DEBF0FBECDBFDF91E1
:1058D000CF911F910F91FF90EF90DF90CF90BF90ED
:1058E000AF909F908F907F906F905F904F900895B2
:1058F00010ECE12E17E2F12E09E010E021E030E09B
:1059000040E050E069ED72E0C6010E94C6209B01B4
:10591000AC01E0911002F09111022587368747878C
:10592000508B67E976E080EA96E00E94781DCF57B9
:10593000DF4FD982C882C158D04089ED92E0CD575F
:10594000DF4F99838883C358D04088E0CB57DF4F1F
:105950008883C558D040CA57DF4F8881C658D04089
:1059600080788068CA57DF4F8883C658D040CE0100
:105970008F579F4F0E943E20609304077093050746
:1059800080930607909307070E940B1496CF00910F
:105990001002109111020E94E30BF801618B728BCF
:1059A000838B948B85849684A784B088DC01CB019B
:1059B000880D991DAA1DBB1D858B968BA78BB08F5B
:1059C00081E080A348E856E06EE876E083E996E05F
:1059D0000E94B61972CF61E0E3CC10ECE12E17E221
:1059E000F12E09E010E021E030E040E050E069ED08
:1059F00072E0C6010E94C6209B01AC01E091120238
:105A0000F0911302258736874787508B6BE676E047
:105A100084E796E032CD61E03ECD00911402109112
:105A200015020E94E30BF801658776878787908BC4
:105A300081849284A384B484DC01CB01880D991DF8
:105A4000AA1DBB1D818B928BA38BB48B81E0858BB0
:105A50004DE356E063E476E088E496E0B9CF61E098
:105A60002FCD10ECE12E17E2F12E09E010E021E03D
:105A700030E040E050E069ED72E0C6010E94C620CF
:105A80009B01AC01E0911602F09117022187328749
:105A9000438754876EE276E087E396E00E94781DA4
:105AA00073CF00911602109117020E94E30BF801C8
:105AB000658776878787908B81849284A384B4845A
:105AC000DC01CB01880D991DAA1DBB1D818B928B1A
:105AD000A38BB48B81E0858B4DE156E063E276E0E9
:105AE00088E296E075CF61E07CCD80911A029091BA
:105AF0001B0261E0009709F092CEDFCE80911A027E
:105B000090911B0260E0009709F089CED6CEEE247A
:105B1000EA94FE2C00E010E021E030E040E050E0AC
:105B20006FEC72E0C6010E94C6209B01AC01E091BF
:105B30001A02F0911B02309779F0211531054105C9
:105B4000510521F021873287438754876CEF75E038
:105B500086E096E00E94781DCF57DF4FD982C88239
:105B6000C158D0408FEC92E0CD57DF4F99838883A6
:105B7000C358D04089E0CB57DF4F8883C558D04009
:105B8000CA57DF4F8881C658D04080788068CA578E
:105B9000DF4F8883C658D040CE018F579F4F0E9459
:105BA000C11F80936E0689CEE0911A02F0911B020C
:105BB000309749F015A247ED55E062EE75E087EEAB
:105BC00095E00E94B61910925103DECE80911C021E
:105BD00090911D0261E0009789F482EB93E00E94AE
:105BE0008910C8010E94331980EB93E017CA809195
:105BF0001C0290911D02009781F360E00E949119B0
:105C00005CCE15E3E12EF12C00E010E022E030E064
:105C100040E050E062EE72E0C6010E94C620809132
:105C20001002909111020E94B81E47CE15E3E12E9A
:105C3000F12C00E010E022E030E040E050E062EEC5
:105C400072E0C6010E94C620809112029091130258
:105C5000EACF15E3E12EF12C00E010E022E030E085
:105C600040E050E062EE72E0C6010E94C6208091E2
:105C7000160290911702D7CF80911A0290911B02C1
:105C8000892B09F41ACE15E3E12EF12C00E010E087
:105C900022E030E040E050E062EE72E0C6010E9497
:105CA000C62080911A0290911B02BDCF80911C02E8
:105CB00090911D02892B09F490CF15E3E12EF12C70
:105CC00000E010E022E030E040E050E062EE72E000
:105CD000C6010E94C620F62E00911C0210911D02E2
:105CE000F8018585882331F060E080810E941F0BD8
:105CF000F8011586F801F08261E08F2D0E944D0BAE
:105D000060E0F80180810E941F0B86E695E00E940A
:105D10008910F8018081082E000C990B80C68091B3
:105D20000C0290910D02892B09F4C7CD15E3E12EE9
:105D3000F12C00E010E022E030E040E050E062EEC4
:105D400072E0C6010E94C62080910C0290910D0263
:105D50000E94EE1EB2CD0636110509F4CBC40736FB
:105D6000110509F03ACF0E94E30B4B015C018091D1
:105D7000090681110FC00E94860A80920006909247
:105D80000106A0920206B0920306B501A40180E0CC
:105D90000E94981B40E257E066E277E081E397E0DB
:105DA00017CE093C110509F4EAC30CF07FC009368F
:105DB000110509F012CFC251DF4F1882CE5ED040DC
:105DC000CF57DF4FD982C882C158D04084E193E0D9
:105DD000CD57DF4F99838883C358D04086E0CB5797
:105DE000DF4F8883C558D040CA57DF4F8881C658D7
:105DF000D04080788068CA57DF4F8883C658D0402B
:105E0000BE0162517F4FCE018F579F4F0E94B01F3E
:105E1000182F0E94E30B4B015C0180910906882337
:105E200009F490C510930B06112309F40CC5809258
:105E30000C0690920D06A0920E06B0920F060E94DC
:105E4000860AE0913204F0913304309719F084818E
:105E50000E94170CE0913404F0913504309719F04A
:105E600084810E94170C809131068823C9F08091AB
:105E70003F06811115C08DE296E00E94A11180922B
:105E8000400690924106A0924206B092430681E0FD
:105E900080933F06F89410922F0610923006789463
:105EA000412F61EF76E080E097E0EEC20D3D1105F5
:105EB00009F4B8C3093751E0150709F08ECECF5762
:105EC000DF4FD982C882C158D04086EE92E0CD57CC
:105ED000DF4F99838883C358D04085E0CB57DF4F8D
:105EE0008883C558D040CA57DF4F8881C658D040F4
:105EF00080788068CA57DF4F8883C658D040CE016B
:105F00008F579F4F0E943E20613CE7E27E07E9E009
:105F10008E07910520F060EC77E289E090E0013A8D
:105F2000F2E01F0709F0E7C160935506709356062B
:105F3000809357069093580627CD073E81E01807B7
:105F400009F4BDCF0CF066C00438E1E01E0789F00B
:105F500034F4033821E0120709F4B1CF3ECE0D3DF1
:105F600031E0130709F4ABCF0E3D41E0140709F00F
:105F700034CEC251DF4F19821882CE5ED040CF5747
:105F8000DF4FD982C882C158D0408BE193E0CD5712
:105F9000DF4F99838883C358D04086E0CB57DF4FCB
:105FA0008883C558D040CA57DF4F8881C658D04033
:105FB00080788068CA57DF4F8883C658D040BE01BA
:105FC00062517F4FCE018F579F4F0E94C7215C01C6
:105FD000F12C019741F089E0F82E52E0A516B104AA
:105FE00011F4FF24F3940A3781E0180709F0AEC4D6
:105FF000F09203020E940B1421E0F212BCC4F09252
:1060000018079501BB0C440B550B69ED76E086EE45
:1060100096E033CA0C3A52E0150709F493C15CF4D8
:10602000083E91E0190709F4A4CF013AE2E01E0707
:1060300009F445CFD2CD0D3AF2E01F0709F488C12B
:1060400060E0083E23E0120709F0C7CD8EE297E03A
:10605000E6CB083934E0130709F498C40CF0A7C064
:10606000093354E0150709F401C20CF055C003339D
:1060700094E0190709F4A8C1ECF50233F4E01F0716
:1060800009F0ABCDCF57DF4FD982C882C158D0407D
:106090008CEE92E0CD57DF4F99838883C358D04070
:1060A00087E0CB57DF4F8883C558D040CA57DF4FB2
:1060B0008881C658D04080788068CA57DF4F88836F
:1060C000C658D040CE018F579F4F0E943E204B01B3
:1060D0005C018092730390927403A0927503B09256
:1060E00076030E94F409A50194016AE178E082E256
:1060F00098E0C3C9053324E0120709F431C108331D
:1061000034E0130709F069CD10923E0740E06DECD2
:1061100077E088ED97E0B8C10D3444E0140709F446
:1061200030C43CF40C3484E0180709F056CD80E00C
:1061300029C40E3494E0190709F4B7C40F34E4E01D
:106140001E0709F04ACDCF57DF4FD982C882C15808
:10615000D04089ED92E0CD57DF4F99838883C358B3
:10616000D04088E0CB57DF4F8883C558D040CA570E
:10617000DF4F8881C658D04080788068CA57DF4F8B
:106180008883C658D040CE018F579F4F0E943E2033
:106190009B01AC012093290630932A0640932B06DD
:1061A00050932C066EEB76E087EC96E066C90531DD
:1061B000F5E01F0709F46BC114F5013B34E0130748
:1061C00009F4A8C474F4003B54E0150709F005CDA8
:1061D000109215060E949F09F89410921406789464
:1061E000A2C40C3F84E0180709F4A1C460E00431A4
:1061F00095E0190709F0F1CC88E097E010CB013663
:10620000E5E01E0709F47EC10CF05CC00E3525E008
:10621000120709F43EC10F3535E0130709F0DDCC54
:10622000CF57DF4FD982C882C158D04021E0A22E7B
:1062300023E0B22ECD57DF4FB982A882C358D04099
:1062400015E0CB57DF4F1883C558D040CA57DF4FF2
:106250008881C658D04080788068CA57DF4F8883CD
:10626000C658D040CE018F579F4F0E94C11F0E9439
:10627000210ACF57DF4FD982C882C158D040CD57AD
:10628000DF4FB982A882C358D040CB57DF4F188365
:10629000C558D040CA57DF4F8881C658D040807853
:1062A0008068CA57DF4F8883C658D040CE018F57C9
:1062B0009F4F0E943E209B01AC0167E977E08DE98A
:1062C00097E0DBC8043645E0140709F450C10536F1
:1062D00055E0150709F081CC81E08093180788E02C
:1062E00097E0909305028093040241E063E877E031
:1062F0008EE897E0C9C0093721E0120749F460939E
:106300004D0370934E0380934F03909350033CCB07
:10631000033831E0130709F4D0CA0D3D114049F4A8
:106320006093490370934A0380934B0390934C030B
:106330002BCB609345037093460380934703909360
:10634000480322CB81E080935103109244031CCB7D
:1063500081E0809351038093440316CB61E076CEB5
:10636000CF57DF4FD982C882C158D04084EF92E026
:10637000CD57DF4F99838883C358D0408CE0CB57EB
:10638000DF4F8883C558D040CA57DF4F8881C65831
:10639000D04080788068CA57DF4F8883C658D04085
:1063A000CE018F579F4F0E94C11F811181E08093C2
:1063B000080680937203282F30E050E040E064E04C
:1063C00078E081E198E059C8CF57DF4FD982C88281
:1063D000C158D04031E0A32E33E0B32ECD57DF4F6C
:1063E000B982A882C358D04015E0CB57DF4F18833D
:1063F000C558D040CA57DF4F8881C658D0408078F2
:106400008068CA57DF4F8883C658D040CE018F5767
:106410009F4F0E94C11F0E94210ACF57DF4FD98290
:10642000C882C158D040CD57DF4FB982A882C35827
:10643000D040CB57DF4F1883C558D040CA57DF4FE5
:106440008881C658D04080788068CA57DF4F8883DB
:10645000C658D040CE018F579F4F0E943E209B01CF
:10646000AC0165EF77E08BEF97E007C881E08093A0
:106470003E078EE297E0909305028093040241E08C
:1064800061EE77E08CEE97E00E944F1D16CA61E046
:10649000B3CECF57DF4FD982C882C158D0408CEEDF
:1064A00092E0CD57DF4F99838883C358D04087E06F
:1064B000CB57DF4F8883C558D040CA57DF4F8881FC
:1064C000C658D04080788068CA57DF4F8883C65846
:1064D000D040CE018F579F4F0E943E204B015C0160
:1064E0008092730390927403A0927503B092760326
:1064F0000E94F409A50194016CEB77E084EC97E02D
:106500000C943D2ACF57DF4FD982C882C158D04062
:1065100084EF92E0CD57DF4F99838883C358D040F2
:106520008CE0CB57DF4F8883C558D040CA57DF4F28
:106530008881C658D04080788068CA57DF4F8883EA
:10654000C658D040CE018F579F4F0E94C11F811166
:1065500081E08093080680937203282F30E050E09A
:1065600040E066EA77E083EB97E00C943D2A1092D6
:10657000180740E06FE677E08AE797E085CFCF57CE
:10658000DF4FD982C882C158D04091E0A92E93E054
:10659000B92ECD57DF4FB982A882C358D04015E03D
:1065A000CB57DF4F1883C558D040CA57DF4F88817B
:1065B000C658D04080788068CA57DF4F8883C65855
:1065C000D040CE018F579F4F0E94C11F0E94210AC9
:1065D000CF57DF4FD982C882C158D040CD57DF4F47
:1065E000B982A882C358D040CB57DF4F1883C55813
:1065F000D040CA57DF4F8881C658D0408078806825
:10660000CA57DF4F8883C658D040CE018F579F4F5F
:106610000E943E209B01AC016EE577E084E697E0A6
:106620000C943D2AC251DF4F1882CE5ED040CF5726
:10663000DF4FD982C882C158D04087E093E0CD5760
:10664000DF4F99838883C358D04085E0CB57DF4F15
:106650008883C558D040CA57DF4F8881C658D0407C
:1066600080788068CA57DF4F8883C658D040BE0103
:1066700062517F4FCE018F579F4F0E94B01F182F3E
:106680008EE896E0111102C084EA96E090930A0227
:106690008093090286E0111101C085E080930B020E
:1066A0000E940B1441E457E0111102C04CE357E083
:1066B00067E477E083E597E08BC980E00E94FB21E7
:1066C0008090770390907803A0907903B0907A033C
:1066D000C501B4010E94390A8092200690922106D9
:1066E000A0922206B0922306E8C884810E94170C6B
:1066F0000C9481298091090681110C940C280E9428
:10670000741E80E00E9471190C940C28C251DF4F56
:106710001882CE5ED040CF57DF4FD982C882C15891
:10672000D0408DE093E0CD57DF4F99838883C358E5
:10673000D04086E0CB57DF4F8883C558D040CA573A
:10674000DF4F8881C658D04080788068CA57DF4FB5
:106750008883C658D040BE0162517F4FCE018F570B
:106760009F4F0E94B01F182F0E94E30B2091090633
:10677000211166C010930A06112369F16093000687
:106780007093010680930206909303060E94860A86
:106790008EE394E00E9447118CE594E00E9447113B
:1067A000E0912C04F0912D04309721F0118A128A87
:1067B000138A148AE0912E04F0912F04309721F06F
:1067C000118A128A138A148A40910A066BE077E0D4
:1067D00085E197E059CE0E94860AE0913204F0915B
:1067E0003304309719F084810E94170CE09134042F
:1067F000F0913504309719F084810E94170CE091D4
:106800003604F0913704309721F060E084810E94D3
:106810001F0BE0913804F0913904309721F060E0CB
:1068200084810E941F0BE0913A04F0913B04309761
:1068300021F060E084810E941F0B0E940B14C4CFE2
:106840001111C2CFFACF80910C0690910D06A09144
:106850000E06B0910F06B501A401481B590B6A0B37
:106860007B0BECE2F4E084898823A1F082898130FB
:1068700009F04CC0858D968DA78DB0A10097A1051C
:10688000B10541F0840F951FA61FB71F858F968F06
:10689000A78FB0A37E9634E0E836F30721F7809106
:1068A0003106882309F4FCCA80913F06882309F445
:1068B000F7CAF894609136067091370680913806D1
:1068C00090913906409040065090410660904206F3
:1068D000709043066419750986099709860E971EFC
:1068E000A81EB91E8092360690923706A0923806EE
:1068F000B092390610922F061092300678941092BA
:106900003F068DE296E00E94A111CACA823009F0CA
:10691000C1CF81A192A1A3A1B4A1840F951FA61FED
:10692000B71F81A392A3A3A3B4A385A196A1A7A1F6
:10693000B0A5840F951FA61FB71F85A396A3A7A375
:10694000B0A7A8CF112309F4AACF8DCA043891E0CB
:10695000190719F4F09202024DCB0E3DE1E01E073B
:1069600019F4F092010246CB083E114009F042CBE7
:10697000F09200023FCBF11044CB81E080933E07C0
:1069800040CB81E00E9471190C945D2C8BE090E06B
:10699000C251DF4F99838883CE5ED040CF57DF4FFF
:1069A000D982C882C158D04082EE92E0CD57DF4FE5
:1069B00099838883C358D04083E0CB57DF4F8883C7
:1069C000C558D040CA57DF4F8881C658D04080781C
:1069D0008068CA57DF4F8883C658D040BE016251D5
:1069E0007F4FCE018F579F4F0E94C721803891055E
:1069F00014F08FE790E08C0197FF02C010E000E0F8
:106A0000502F802F96EF900F943078F09EEC900FDF
:106A1000943058F086EE94E00E948910C8010E94DC
:106A200033190E94DE190C945D2CF89440916B0090
:106A30009091160626EF290F243030F5965021E06C
:106A400030E001C0220F9A95EAF720952423209385
:106A50006B005093160662E00E944D0B8091160663
:106A60000E94F60A21E0019709F020E02093240615
:106A700010921A060E942808789487EA94E00E94EF
:106A800089108091160647C927EF9233F9F22BEF50
:106A90009333E1F22DEF9433C9F222EC290F283021
:106AA00010F4922FCCCF2EEFD1CFCF57DF4FD9821A
:106AB000C882C158D0408FEC92E0CD57DF4F998308
:106AC0008883C358D04089E0CB57DF4F8883C558AF
:106AD000D040CA57DF4F8881C658D0408078806840
:106AE000CA57DF4F8883C658D040CE018F579F4F7B
:106AF0000E943E209B01AC01209325063093260680
:106B000040932706509328066BEC76E085ED96E0DF
:106B10000C943D2AF89410921406789481E08093A6
:106B200015060E94DF090E94761C0C945D2C82E100
:106B300090E0C251DF4F99838883CE5ED040CF571B
:106B4000DF4FD982C882C158D04082EE92E0CD5743
:106B5000DF4F99838883C358D04083E0CB57DF4F02
:106B60008883C558D040CA57DF4F8881C658D04067
:106B700080788068CA57DF4F8883C658D040BE01EE
:106B800062517F4FCE018F579F4F0E94C72180389F
:106B9000910514F08FE790E08C0197FF02C010E0A0
:106BA00000E0B02EF02E8EEE800F843018F087EECD
:106BB00093E032CF1091150611110E949F09B092F7
:106BC000130662E08F2D0E944D0B11110E94DF0908
:106BD0008AE694E00E948910809113069CC88A304E
:106BE000910511F40C94E927F50181935F010F5F82
:106BF0001F4F0F37110511F00C94BC270C94E92797
:106C0000CB01BA010C945C45CB010C94D344CB016D
:106C10000C9437441F920F920FB60F9211242F93AA
:106C20003F938F939F93AF93BF93809181039091F4
:106C30008203A0918303B09184033091800323E009
:106C4000230F2D3758F50196A11DB11D2093800308
:106C50008093810390938203A0938303B093840372
:106C60008091850390918603A0918703B09188035A
:106C70000196A11DB11D8093850390938603A09377
:106C80008703B0938803BF91AF919F918F913F91FC
:106C90002F910F900FBE0F901F90189526E8230F8D
:106CA0000296A11DB11DD2CF1F920F920FB60F9267
:106CB00011240BB60F922F933F934F935F936F93D3
:106CC0007F938F939F93AF93BF93EF93FF93E09145
:106CD0002E02F0912F021995FF91EF91BF91AF9184
:106CE0009F918F917F916F915F914F913F912F91E4
:106CF0000F900BBE0F900FBE0F901F9018951F9214
:106D00000F920FB60F9211240BB60F922F933F9351
:106D10004F935F936F937F938F939F93AF93BF93A3
:106D2000EF93FF93E0912C02F0912D021995FF91C2
:106D3000EF91BF91AF919F918F917F916F915F91F3
:106D40004F913F912F910F900BBE0F900FBE0F9060
:106D50001F9018951F920F920FB60F9211240BB629
:106D60000F922F933F934F935F936F937F938F93E4
:106D70009F93AF93BF93EF93FF93E0912202F09123
:106D800023021995FF91EF91BF91AF919F918F9140
:106D90007F916F915F914F913F912F910F900BBE1B
:106DA0000F900FBE0F901F9018951F920F920FB665
:106DB0000F9211240BB60F922F933F934F935F9333
:106DC0006F937F938F939F93AF93BF93EF93FF93B3
:106DD000E0912002F09121021995FF91EF91BF916E
:106DE000AF919F918F917F916F915F914F913F9163
:106DF0002F910F900BBE0F900FBE0F901F90189504
:106E00001F920F920FB60F9211240BB60F922F9371
:106E10003F934F935F936F937F938F939F93AF9322
:106E2000BF93EF93FF93E0912A02F0912B02199503
:106E3000FF91EF91BF91AF919F918F917F916F9152
:106E40005F914F913F912F910F900BBE0F900FBE0E
:106E50000F901F9018951F920F920FB60F9211244A
:106E60000BB60F922F933F934F935F936F937F9344
:106E70008F939F93AF93BF93EF93FF93E09128027B
:106E8000F09129021995FF91EF91BF91AF919F91D8
:106E90008F917F916F915F914F913F912F910F90C3
:106EA0000BBE0F900FBE0F901F9018951F920F9260
:106EB0000FB60F9211240BB60F922F933F934F935F
:106EC0005F936F937F938F939F93AF93BF93EF9352
:106ED000FF93E0912602F09127021995FF91EF911F
:106EE000BF91AF919F918F917F916F915F914F91E2
:106EF0003F912F910F900BBE0F900FBE0F901F90E0
:106F000018951F920F920FB60F9211240BB60F9285
:106F10002F933F934F935F936F937F938F939F93A1
:106F2000AF93BF93EF93FF93E0912402F09125027A
:106F30001995FF91EF91BF91AF919F918F917F91A3
:106F40006F915F914F913F912F910F900BBE0F90DA
:106F50000FBE0F901F9018951F920F920FB60F92B1
:106F600011240BB60F922F933F934F935F936F9320
:106F70007F938F939F93AF93BF93EF93FF938091F2
:106F80006E0390916F03A0917003B0917103892BF0
:106F90008A2B8B2BE1F190916D03E0916B03F091C3
:106FA0006C0380818927808380916E0390916F03A9
:106FB000A0917003B0917103181619061A061B06EA
:106FC0009CF480916E0390916F03A0917003B09137
:106FD00071030197A109B10980936E0390936F0328
:106FE000A0937003B0937103FF91EF91BF91AF91A4
:106FF0009F918F917F916F915F914F913F912F91D1
:107000000F900BBE0F900FBE0F901F9018958091A0
:1070100008020E94170CE8CF1F920F920FB60F9232
:1070200011240BB60F922F933F934F935F936F935F
:107030007F938F939F93AF93BF93EF93FF9389E8D1
:1070400093E00E941A10FF91EF91BF91AF919F9131
:107050008F917F916F915F914F913F912F910F9001
:107060000BBE0F900FBE0F901F9018951F920F929E
:107070000FB60F9211240BB60F922F938F939F93FD
:10708000EF93FF93E0919903F0919A038081E0914F
:107090009F03F091A00382FD1DC090818091A20307
:1070A0008F5F8F732091A303821741F0E091A203B9
:1070B000F0E0E757FC4F958F8093A203FF91EF918B
:1070C0009F918F912F910F900BBE0F900FBE0F903D
:1070D0001F9018958081F2CF1F920F920FB60F92DA
:1070E00011240BB60F92CF92DF92EF92FF921F9373
:1070F0002F933F934F935F936F937F938F939F93C0
:10710000AF93BF93CF93DF93EF93FF93C091280486
:10711000D0912904209749F0E981FA8180819B81EF
:10712000892311E0E1F410E01E87FF91EF91DF91D8
:10713000CF91BF91AF919F918F917F916F915F910F
:107140004F913F912F911F91FF90EF90DF90CF9043
:107150000F900BBE0F900FBE0F901F9018958E854D
:107160008111E2CF1C830E94E30BCA84DB84EC8490
:10717000FD846C197D098E099F096E837F83888742
:107180009987D2CFEF92FF920F931F93CF93DF9304
:10719000EC01162F7A01022F6C8382E08D8388EA3E
:1071A00092E098878F831E82188219821A821B822E
:1071B00062E0812F0E944D0B098742E050E0B70149
:1071C000CE010D960E9453461F86812F0E94F60A1B
:1071D00021E0892B09F420E02A87812F0E94F60AFA
:1071E00021E0892B09F420E02B87812F0E94F60AE9
:1071F00021E0892B09F420E02C87188A198A1A8A41
:107200001B8A1C8A1D8A1E8A1F8A188E84E1898F18
:107210001A8E1B8E1C8E1D8E1E8E1F8E18A219A2FA
:107220001BA21AA21DA21CA2DF91CF911F910F9148
:10723000FF90EF9008953F924F925F926F927F92EE
:107240008F929F92AF92BF92CF92DF92EF92FF9276
:107250000F931F93CF93DF9310928C0310928B03A5
:1072600088EE93E0A0E0B0E080938D0390938E03CE
:10727000A0938F03B093900384E892E090938A03E5
:107280008093890385EC90E0909396038093950317
:1072900084EC90E0909398038093970380EC90E0C7
:1072A00090939A038093990381EC90E090939C03D0
:1072B00080939B0382EC90E090939E0380939D03C8
:1072C00086EC90E09093A00380939F031092A2031A
:1072D0001092A3031092A4031092A50320E042E2AF
:1072E00053E06AE08EE297E00E94C23821E045E276
:1072F00053E06DE088E097E00E94C238C090040738
:10730000D0900507E0900607F090070780900007EF
:1073100090900107A0900207B090030783E080934C
:10732000E306332433943092E40608E213E010932A
:10733000E7060093E6061092E5061092DF0610922B
:10734000E0061092E1061092E20661E00E944D0B09
:1073500060E083E00E941F0B8092E8069092E906AD
:10736000A092EA06B092EB06C092EC06D092ED062F
:10737000E092EE06F092EF0644244A94542C320137
:107380004092F0065092F1066092F2067092F30677
:107390001092F4061092F5061092F6061092F70677
:1073A0001092F8061092F9061092FA06C8ECD0E096
:1073B000D093FC06C093FB06D093FE06C093FD0657
:1073C0001092FF0687E08093C2063092C3061093A6
:1073D000C6060093C5061092C4061092BE0610920F
:1073E000BF061092C0061092C10661E00E944D0BCC
:1073F00060E087E00E941F0B8092C7069092C8064B
:10740000A092C906B092CA06C092CB06D092CC0612
:10741000E092CD06F092CE064092CF065092D00672
:107420006092D1067092D2061092D3061092D406C2
:107430001092D5061092D6061092D7061092D80652
:107440001092D906D093DB06C093DA06D093DD06FE
:10745000C093DC061092DE06C090BA06D090BB0640
:10746000E090BC06F090BD0684E08093A8063092C0
:10747000A906CCE2D3E0D093AC06C093AB06109241
:10748000AA061092A4061092A5061092A6061092C3
:10749000A70661E00E944D0B60E084E00E941F0B94
:1074A000C092AD06D092AE06E092AF06F092B00662
:1074B0001092B1061092B2061092B3061092B40662
:1074C0001092B5061092B6061092B7061092B80642
:1074D0001092B90688E08093920630929306D0937A
:1074E0009606C09395061092940610928E061092FE
:1074F0008F06109290061092910661E00E944D0B4B
:1075000060E088E00E941F0BC0929706D092980618
:10751000E0929906F0929A0610929B0610929C06B1
:1075200010929D0610929E0610929F061092A00641
:107530001092A1061092A2061092A30685E08093F5
:10754000770682E08093780681E393E090937B0650
:1075500080937A0610927906109273061092740640
:10756000109275061092760662E085E00E944D0B3F
:1075700085E00E94F60A21E0892B09F420E020939F
:107580007C0685E00E94F60A21E0892B09F420E0C0
:1075900020937D0685E00E94F60A21E0892B09F4FC
:1075A00020E020937E0610927F06109280061092B3
:1075B00081061092820684E18093830610928406ED
:1075C0001092850610928606109287061092880601
:1075D0001092890610928A0610928B0610928D06E0
:1075E00010928C0680906F0690907006A0907106A5
:1075F000B0907206C0906E06D12CF12CE12C86E082
:107600008093480681E0809349068EE393E090934F
:107610004C0680934B0610924A0610924406109234
:107620004506109246061092470661E086E00E94E9
:107630004D0B60E086E00E941F0BC0924D06D09279
:107640004E06E0924F06F0925006809251069092BC
:107650005206A0925306B09254061092550610920C
:10766000560610925706109258061092590610921C
:107670005A0610925B0610925C0610925D061092FC
:107680005E0610925F0610926006109261061092DC
:1076900062061092630610926406109265061092BC
:1076A000660610926706109268061092690610929C
:1076B0006A0610926B0610926C0610926D0689E0B5
:1076C00080932D0682E080932E0661E089E00E947F
:1076D0004D0B62E080912E060E944D0B90912E067C
:1076E000923009F404C1933009F403C18EEE890F7E
:1076F000843030F487E1891B6FEE7BE00E946908DB
:1077000010922F0610923006109231061092320617
:1077100010923306109234061092350610923606F7
:1077200010923706109238061092390610923A06D7
:1077300010923B0610923C0610923D0610923E06B7
:1077400010923F0610924006109241061092420697
:10775000109243068DE296E090932B0480932A04C6
:107760008BE08093160662E00E944D0B10921A0681
:1077700010921B0610921C0610921D0610921E06F7
:1077800010921F06109220061092210610922206D7
:1077900010922306809116060E94F60A21E00197B6
:1077A00009F020E020932406109225061092260668
:1077B00010922706109228061092290610922A0687
:1077C00010922B0610922C0686E196E090932904E5
:1077D000809328040E94280882E180931306109267
:1077E00014061092150662E00E944D0B83E196E0AC
:1077F00090932704809326048CE3EAE3F2E0AEE35F
:10780000B4E001900D928A95E1F710922D04109248
:107810002C0410922F0410922E0410923104109216
:1078200030041092330410923204109235041092F6
:1078300034041092370410923604109239041092D6
:10784000380410923B0410923A0410923D041092B6
:107850003C0410920006109201061092020610924B
:10786000030680E29EE4A0E0B0E0809304069093DB
:107870000506A0930606B09307061092080610921C
:10788000090610920A0610920B0610920C0610922E
:107890000D0610920E0610920F0681E080931006DE
:1078A0008093110689E08093120610924004109292
:1078B0005E041092BC041092FF04EFE0F5E0108229
:1078C000709686E0EF30F807D1F7DF91CF911F91E6
:1078D0000F91FF90EF90DF90CF90BF90AF909F906F
:1078E0008F907F906F905F904F903F90089580E0D1
:1078F00003CF81E001CF789484B5826084BD84B5E4
:10790000816084BD85B5826085BD85B5816085BD9A
:1079100080916E00816080936E0010928100809152
:1079200081008260809381008091810081608093DA
:107930008100809180008160809380008091B100FF
:1079400084608093B1008091B00081608093B0002A
:10795000809191008260809391008091910081607C
:10796000809391008091900081608093900080913D
:10797000A10082608093A1008091A100816080932A
:10798000A1008091A00081608093A00080912101DE
:107990008260809321018091210181608093210187
:1079A0008091200181608093200180917A00846021
:1079B00080937A0080917A00826080937A0080912F
:1079C0007A00816080937A0080917A008068809349
:1079D0007A001092C1000E94AE0BE0919903F091E1
:1079E0009A0382E08083E0919503F09196031082E0
:1079F000E0919703F091980380E180831092A103B6
:107A0000E0919D03F0919E0386E08083E0919B03CB
:107A1000F0919C03808180618083E0919B03F091D1
:107A20009C03808188608083E0919B03F0919C039C
:107A3000808180688083E0919B03F0919C0380812A
:107A40008F7D808384E690E0A0E0B0E080938D039A
:107A500090938E03A0938F03B09390030E94AE0B7C
:107A600089E893E00E940410892B29F089E893E0CB
:107A70000E94E20FF5CF80917B00877F80937B008F
:107A800080E480937C0080917A00806480937A0007
:107A900080917A0086FDFCCFC0907800D09079006C
:107AA0000D2C000CEE08FF080E94890B8B019C0135
:107AB000C701B6016027712782279327C016D10618
:107AC000E206F30611F00E948541C4EFD1E024E6FE
:107AD00030E040E050E0BE018091E3060E945C0C83
:107AE0000E94AE0B8091E3060E94170CCC50DE4F33
:107AF000C03D27E0D20759F78EE297E090932D041E
:107B000080932C0488E097E090932F0480932E04B8
:107B100083E796E090933104809330048FED96E0F4
:107B200090933304809332048EEB96E09093350467
:107B30008093340484EA96E090933704809336046B
:107B40008EE896E0909339048093380484E496E0BC
:107B500090933B0480933A048DE296E090933D0429
:107B600080933C042BE733E2309351072093500776
:107B700083E39EE1909353078093520730932B0742
:107B800020932A0790932D0780932C0781E0809300
:107B90003E071092180760917303709174038091EF
:107BA0007503909176030E94F4098091720381110C
:107BB00081E08093080689E0A82E99E0C92E29E08B
:107BC000E22E09E020910B0240E061E08091090281
:107BD00090910A020E94D70885EA9AE00E946319F0
:107BE00088E199E20FB6F894A895809360000FBEE3
:107BF0009093600000E016E034E6832E912CA12CD7
:107C0000B12CA8950E94E30B6B017C018091340795
:107C1000882331F0B701A6018EE297E00E94F510AB
:107C200080910E07882331F0B701A60188E097E024
:107C30000E94F51080917906882309F44BC0809149
:107C400077060E94F60AC1E0892B09F4C0E0809112
:107C50007D06C81741F0C0927F06D0928006E09260
:107C60008106F092820680917F0690918006A09115
:107C70008106B0918206B701A601481B590B6A0B19
:107C80007B0B8091830690E0B0E0A0E0841795071D
:107C9000A607B707E8F480917E06C817C9F0C0931D
:107CA0007E0680917C06C81709F4C4C1C092840680
:107CB000D0928506E0928606F0928706E0918C06C7
:107CC000F0918D06309721F0B701A60182E0199559
:107CD000C0937D0680910B06811136C08091090604
:107CE000811104C080910A06882389F0CCE2D4E097
:107CF0008C89882339F08A89813009F4EFC1823078
:107D000009F41FC26E9624E0C836D20789F7C0E096
:107D1000D5E08F858823A1F08B859C85AD85BE85B8
:107D200026013701481A590A6A0A7B0AD301C2019F
:107D3000B7FD06C01F86B701A601CE010E949C1A9E
:107D400060960C171D0729F7809132049091330437
:107D5000009721F0B701A6010E948512809134049A
:107D600090913504009721F0B701A6010E94851279
:107D70008091360490913704009721F0B701A60155
:107D80000E945C118091380490913904009721F091
:107D9000B701A6010E945C11C0913A04D0913B0446
:107DA000209709F472C08E81811104C088A58823B0
:107DB00009F402C29DA1913009F062C088A5811129
:107DC0005FC089A5882309F4FFC1498D5A8D6B8D49
:107DD0007C8D26013701441A550A660A770AB301D9
:107DE000A20177FD4DC0CD8ADE8AEF8AF88E4D85DF
:107DF0005E856F8578894C0D5D1D6E1D7F1D498FD9
:107E00005A8F6B8F7C8F8EA189278EA38823C1F117
:107E100088819981AA81BB81892B8A2B8B2B81F147
:107E200080EB9BE00E9489108C81082E000C990B3E
:107E30000E9433198DE89BE00E9489106D897E892C
:107E40008F89988D488059806A807B806419750974
:107E5000860997090E9429198BE79BE00E948910E7
:107E6000698D7A8D8B8D9C8D488059806A807B804E
:107E700064197509860997090E9429190E94DE195B
:107E8000B701A601CE010E94051280913106882318
:107E9000A1F180913F06811130C080912F06882387
:107EA00061F1F89410922F064090320650903306FC
:107EB0006090340670903506C091300610923006FE
:107EC000789484E09CE00E94891080912E06082E10
:107ED000000C990B0E94331982EE9BE00E948910DE
:107EE000C301B2010E94291987ED9BE00E9489100D
:107EF0008C2F0E942C190E94DE1980913A0688234B
:107F0000C9F080913B0690913C06A0913D06B0914E
:107F10003E06C81AD90AEA0AFB0A22E3C216D104AD
:107F2000E104F10438F060E080912D060E941F0BFF
:107F300010923A0680911B06882329F180911A0637
:107F4000882309F1F89410921A06C0901C06D0906C
:107F50001D06E0901E06F0901F06789482E59CE0D6
:107F60000E94891080911606082E000C990B0E9421
:107F7000331980E39CE00E948910C701B6010E947A
:107F800029190E94DE1980917F038823D1F00E9475
:107F9000E30BC0907B03D0907C03E0907D03F090D6
:107FA0007E036C197D098E099F09683C7105810566
:107FB00091053CF00E94741E80E00E94711910929D
:107FC0007F0380911506882349F1F8948091140667
:107FD000109214067894882309F1109215060E94D5
:107FE0009F090E94761C80910906811117C081E0CB
:107FF0000E94FB21C0907703D0907803E090790332
:10800000F0907A03C701B6010E94390AC092200697
:10801000D0922106E0922206F092230689E893E0AE
:108020000E9404101816190614F40E9486270E9454
:10803000C410E7CDC0928806D0928906E0928A06E5
:10804000F0928B0681E69BE00E94891080917A066F
:1080500090917B060E94A41D88E59BE00E948910F8
:1080600080917706082E000C990B0E94331985E346
:108070009BE00E9489106091840670918506809132
:108080008606909187064090730650907406609023
:1080900075067090760664197509860997090E941D
:1080A000291983E29BE00E948910609188067091F3
:1080B000890680918A0690918B06409073065090B5
:1080C00074066090750670907606641975098609C5
:1080D00097090E9429190E94DE19FACD8D8D9E8D77
:1080E000AF8DB8A10097A105B10509F40BCEB7017A
:1080F000A601481B590B6A0B7B0B898D9A8DAB8DA2
:10810000BC8D481759076A077B0708F4FBCDCD8E55
:10811000DE8EEF8EF8A28FA5843650F40E94364191
:10812000A50194010E94B2428FA5681708F0EACD1C
:108130008B89823008F0E6CDB701A6010E94981B1A
:10814000E1CD8DA19EA1AFA1B8A50097A105B10574
:1081500009F4D8CD26013701481A590A6A0A7B0A60
:10816000D301C201B7FDCECD49A45AA46BA47CA40F
:1081700060E070E0CB01141415041604170434F405
:108180000E943641A30192010E94B2426C0D7D1DF6
:108190008E1D9F1D69A37AA38BA39CA389A59AA575
:1081A000ABA5BCA58C0D9D1DAE1DBF1D8DA39EA3B3
:1081B000AFA3B8A71DA6A6CDCD8ADE8AEF8AF88E1A
:1081C000C98EDA8EEB8EFC8E60E08C810E941F0BD4
:1081D0001FA25BCE8F929F92AF92BF92CF92DF92FF
:1081E000EF92FF92CF93DF93EC01688179818A81CE
:1081F0009B81611571058105910521F464E279ED9A
:108200008BE597E02DE133EF41E050E00E94B24270
:1082100049015A019B01AC01A7EAB1E40E94D14295
:108220006B017C01ACEEB4EFA50194010E94DF422A
:10823000C60ED71EE81EF91EF7FE06C081E0C81A5A
:10824000D108E10880E8F80AC882D982EA82FB8274
:10825000C701B6019F77DF91CF91FF90EF90DF903C
:10826000CF90BF90AF909F908F9008958F929F92E4
:10827000AF92BF92CF92DF92EF92FF926091300265
:108280007091310280913202909133026115710533
:108290008105910521F464E279ED8BE597E02DE10C
:1082A00033EF41E050E00E94B24249015A019B0184
:1082B000AC01A7EAB1E40E94D1426B017C01ACEEB3
:1082C000B4EFA50194010E94DF42C60ED71EE81E3E
:1082D000F91EF7FE06C081E0C81AD108E10880E85F
:1082E000F80AC0923002D0923102E0923202F0924B
:1082F0003302C701B6019F77FF90EF90DF90CF90D8
:10830000BF90AF909F908F900895609330027093CC
:108310003102809332029093330208950E94D0413B
:1083200008F481E00895E89409C097FB3EF4909525
:108330008095709561957F4F8F4F9F4F9923A9F03E
:10834000F92F96E9BB279395F695879577956795CD
:10835000B795F111F8CFFAF4BB0F11F460FF1BC011
:108360006F5F7F4F8F4F9F4F16C0882311F096E9A4
:1083700011C0772321F09EE8872F762F05C0662352
:1083800071F096E8862F70E060E02AF09A95660F0B
:10839000771F881FDAF7880F9695879597F90895C4
:1083A000990F0008550FAA0BE0E8FEEF1616170606
:1083B000E807F907C0F012161306E407F50798F06E
:1083C000621B730B840B950B39F40A2661F0232B87
:1083D000242B252B21F408950A2609F4A140A69503
:1083E0008FEF811D811D08950E9407420C947842F1
:1083F0000E946A4238F00E94714220F0952311F0E9
:108400000C9461420C94674211240C94AC420E947B
:10841000894270F3959FC1F3950F50E0551F629FFD
:10842000F001729FBB27F00DB11D639FAA27F00DCD
:10843000B11DAA1F649F6627B00DA11D661F829FF4
:108440002227B00DA11D621F739FB00DA11D621FD9
:10845000839FA00D611D221F749F3327A00D611DF6
:10846000231F849F600D211D822F762F6A2F1124D8
:108470009F5750409AF0F1F088234AF0EE0FFF1F0B
:10848000BB1F661F771F881F91505040A9F79E3F62
:10849000510580F00C9461420C94AC425F3FE4F3D0
:1084A000983ED4F3869577956795B795F795E795B8
:1084B0009F5FC1F7FE2B880F911D9695879597F9C1
:1084C000089597F99F6780E870E060E008959FEF56
:1084D00080EC089500240A9416161706180609065B
:1084E000089500240A94121613061406050608952A
:1084F000092E0394000C11F4882352F0BB0F40F4B2
:10850000BF2B11F460FF04C06F5F7F4F8F4F9F4FF1
:10851000089557FD9058440F551F59F05F3F71F073
:108520004795880F97FB991F61F09F3F79F08795DA
:108530000895121613061406551FF2CF4695F1DF63
:1085400008C0161617061806991FF1CF86957105F3
:10855000610508940895E894BB2766277727CB0127
:1085600097F90895052E97FB1EF400940E94C942C6
:1085700057FD07D00E94E44207FC03D04EF40C9450
:10858000C94250954095309521953F4F4F4F5F4FD1
:10859000089590958095709561957F4F8F4F9F4F6F
:1085A00008950E940643A59F900DB49F900DA49F2F
:1085B000800D911D11240895B7FF0C94D1420E94A3
:1085C000D142821B930B0895A1E21A2EAA1BBB1B5A
:1085D000FD010DC0AA1FBB1FEE1FFF1FA217B3078F
:1085E000E407F50720F0A21BB30BE40BF50B661FA5
:1085F000771F881F991F1A9469F760957095809569
:1086000090959B01AC01BD01CF010895A29FB001DF
:10861000B39FC001A39F700D811D1124911DB29FB6
:10862000700D811D1124911D08955058BB27AA2754
:108630000E942D430C9478420E946A4238F00E94B6
:10864000714220F039F49F3F19F426F40C946742EC
:108650000EF4E095E7FB0C946142E92F0E948942F9
:1086600058F3BA17620773078407950720F079F467
:10867000A6F50C94AB420EF4E0950B2EBA2FA02D6C
:108680000B01B90190010C01CA01A0011124FF27BF
:10869000591B99F0593F50F4503E68F11A16F040BA
:1086A000A22F232F342F4427585FF3CF46953795B9
:1086B0002795A795F0405395C9F77EF41F16BA0B7E
:1086C000620B730B840BBAF09150A1F0FF0FBB1F2C
:1086D000661F771F881FC2F70EC0BA0F621F731F75
:1086E000841F48F4879577956795B795F7959E3FD2
:1086F00008F0B0CF9395880F08F09927EE0F979563
:10870000879508950E9496430C9478420E94714286
:1087100058F00E946A4240F029F45F3F29F00C941F
:10872000614251110C94AC420C9467420E94894200
:1087300068F39923B1F3552391F3951B550BBB2790
:10874000AA2762177307840738F09F5F5F4F220FD5
:10875000331F441FAA1FA9F335D00E2E3AF0E0E8CC
:1087600032D091505040E695001CCAF72BD0FE2F16
:1087700029D0660F771F881FBB1F261737074807AA
:10878000AB07B0E809F0BB0B802DBF01FF27935862
:108790005F4F3AF09E3F510578F00C9461420C9483
:1087A000AC425F3FE4F3983ED4F3869577956795A6
:1087B000B795F7959F5FC9F7880F911D9695879597
:1087C00097F90895E1E0660F771F881FBB1F6217B6
:1087D00073078407BA0720F0621B730B840BBA0B74
:1087E000EE1F88F7E09508950E94FB436894B1114D
:1087F0000C94AC4208950E94914288F09F5798F0E3
:10880000B92F9927B751B0F0E1F0660F771F881F95
:10881000991F1AF0BA95C9F714C0B13091F00E94AF
:10882000AB42B1E008950C94AB42672F782F8827B4
:10883000B85F39F0B93FCCF3869577956795B395D6
:10884000D9F73EF490958095709561957F4F8F4F45
:108850009F4F08950E94D04108F48FEF0895EE0FC6
:10886000FF1F881F8BBF0790F691E02D19940F937F
:108870001F93CF93DF938230910510F482E090E054
:10888000E0915607F091570730E020E0B0E0A0E01B
:10889000309799F42115310509F44AC0281B390B8A
:1088A00024303105D8F58A819B816115710589F1E4
:1088B000FB0193838283FE0111C0408151810281BB
:1088C000138148175907E0F04817590799F4109792
:1088D00061F012960C93129713961C933296CF0167
:1088E000DF91CF911F910F91089500935607109338
:1088F0005707F4CF2115310551F04217530738F0CF
:10890000A901DB019A01BD01DF01F801C1CFEF012F
:10891000F9CF9093570780935607CDCFFE01E20F12
:10892000F31F819391932250310939832883D7CF44
:108930002091540730915507232B41F420913602A2
:108940003091370230935507209354072091340219
:10895000309135022115310541F42DB73EB74091D4
:10896000380250913902241B350BE0915407F091E5
:108970005507E217F307A0F42E1B3F0B2817390702
:1089800078F0AC014E5F5F4F2417350748F04E0F6B
:108990005F1F5093550740935407819391939FCF46
:1089A000F0E0E0E09CCFCF93DF930097E9F0FC018B
:1089B000329713821282A0915607B0915707ED01AA
:1089C00030E020E01097A1F420813181820F931FC5
:1089D00020915407309155072817390709F061C0D5
:1089E000F0935507E0935407DF91CF910895EA0182
:1089F000CE17DF07E8F54A815B819E0141155105DD
:108A0000B1F7E901FB83EA8349915991C40FD51F5E
:108A1000EC17FD0761F4808191810296840F951F08
:108A2000E90199838883828193819B838A83F0E023
:108A3000E0E012968D919C9113970097B9F52D91D6
:108A40003C911197CD010296820F931F20915407FC
:108A5000309155072817390739F6309751F510929C
:108A6000570710925607B0935507A0935407BCCFF1
:108A7000D383C28340815181840F951FC817D907C2
:108A800061F44E5F5F4F88819981480F591F518370
:108A900040838A819B81938382832115310509F06C
:108AA000B0CFF0935707E09356079ECFFD01DC014E
:108AB000C0CF13821282D7CF4F925F926F927F9274
:108AC0008F929F92AF92BF92CF92DF92EF92FF92DE
:108AD0000F931F93CF93DF938C01009799F4CB01F1
:108AE000DF91CF911F910F91FF90EF90DF90CF908A
:108AF000BF90AF909F908F907F906F905F904F90BE
:108B00000C943744FC01E60FF71F9C0122503109F9
:108B1000E217F30708F4AEC0D901CD91DC911197AB
:108B2000C617D70720F1C530D10578F0CE010497DC
:108B30008617970750F0C61BD70B2297C193D19386
:108B40006D937C93CF010E94D344C801DF91CF91F4
:108B50001F910F91FF90EF90DF90CF90BF90AF905B
:108B60009F908F907F906F905F904F9008955B01E2
:108B7000AC1ABD0A4C018C0E9D1EA0915607B091F7
:108B80005707512C412CF12CE12C109731F5809195
:108B90005407909155078815990509F05CC0461651
:108BA000570608F058C08091340290913502009722
:108BB00041F48DB79EB74091380250913902841B21
:108BC000950BE817F90708F055C0F0935507E093A7
:108BD0005407F90171836083B8CF8D919C911197EF
:108BE00012966C90129713967C901397A815B9055E
:108BF00059F56C0142E0C40ED11CCA14DB0420F10B
:108C0000AC014A195B09DA011296159780F062826D
:108C1000738251834083D9016D937C93E114F104F5
:108C200071F0D7011396FC93EE9312978ECF229694
:108C30008C0F9D1FF90191838083F301EFCFF09397
:108C40005707E093560781CF4816590608F42C01C0
:108C50007D01D3019ACFCB010E9437447C0100975C
:108C600049F0AE01B8010E944A46C8010E94D344AF
:108C700087016BCF10E000E068CFFB01DC0104C08E
:108C80008D910190801921F441505040C8F7881B04
:108C9000990B0895FB01DC0102C001900D92415037
:108CA0005040D8F70895FB01DC014150504048F096
:108CB00001900D920020C9F701C01D924150504013
:088CC000E0F70895F894FFCFDE
:108CC800090909092E077A02FFA406052E070807D5
:108CD800DF06BE06A4068E06730644062D06160693
:108CE800D209D209D209D209D209D209D209D209A4
:108CF800010000000000580780000000000101008A
:108D0800000000000000000000000000000000005B
:108D180000000000000009640000000101000000DC
:108D2800000000000000000000000000000000003B
:108D38000000000009640000000007360436003611
:108D4800000000003C10A60FD30FA4100410E20F7F
:108D5800F60F2F2F272722225C5C6208660C6E0A0A
:108D6800720D7409000D0A005357495443485F4C6B
:108D78004556455200747275650066616C736500EE
:108D88006E756C6C002A49444E3F00636D64006642
:108D980072657175656E6379006475726174696F67
:108DA8006E0070696E0064656C61790074696D6548
:108DB8006F75740074696D656F75745F6D6F646548
:108DC80000726174696F0070756D703200656E6154
:108DD800626C65007061757365640066696C7465C2
:108DE80072005248004C48004355450050554D50BC
:108DF800004C49434B5F43495243554954004C4149
:048E0800534552007C
:00000001FF
