:100000000C94DF080C94F3360C94C8360C949D368F
:100010000C9472360C9447360C941C360C94F135C3
:100020000C94C6350C94DE370C9410090C9410090E
:100030000C9410090C941E370C9410090C941009A0
:100040000C9410090C9410090C9410090C941009CC
:100050000C9410090C9410090C9410090C947C3524
:100060000C9410090C94A8370C947E370C9410094A
:100070000C9410090C9410090C9410090C9410099C
:100080000C9410090C9410090C9410090C9410098C
:100090000C9410090C9410090C9410090C9410097C
:1000A0000C9410090C9410090C9410090C9410096C
:1000B0000C9410090C9410090C9410090C9410095C
:1000C0000C9410090C9410090C9410090C9410094C
:1000D0000C9410090C9410090C9410090C9410093C
:1000E0000C9410090C94FD0E0C941F1F0C944F1FC0
:1000F0000C94251E0C94341F0C94171E0C94A21EF5
:100100000C94D8090C949D0F0C94561F0C94AF09B5
:100110000C944C200C94441E0C9445200C94B7096C
:100120000C94E5090C94471E0C9403200C94DC09F4
:100130000C9448200C94421E0C94C4090C94723503
:100140000C94E70A0C94AC1E0C94EA090C940F0B67
:100150000C94CE090C94531F0C94EF0E0C943A148B
:100160000C94C41E0C9433200C949F0E0C944B1EC4
:100170000C94E0090C94E6090C94B3090C945A1FF2
:100180000C9430200C941F200C948D380C942F1F4D
:100190000C943E1F0C94DB0E0C94AF1E0C94311E7D
:1001A0000C9479350C94BA090C94C11E0C94421C21
:1001B0000C94D2090C94CA090C94CC0E0C94931E86
:1001C0000C94350F0C9412200C9476350C94C81EA8
:1001D0000C94AB090C94C0090C94A509546F6F449E
:1001E000656570004E6F4D656D6F727900496E7672
:1001F000616C6964496E70757400496E636F6D70EF
:100200006C657465496E70757400456D70747949DC
:100210006E707574004F6B00CDCCCC3D0AD7233C7B
:1002200017B7D13877CC2B329595E6241FB14F0AFA
:10023000000020410000C84200401C4620BCBE4CCB
:10024000CA1B0E5AAEC59D747B226C6576656C2206
:100250003A22303037222C22646576696365223A6F
:1002600022434F4E54524F4C4C4552222C2265761D
:10027000656E74223A22454E44222C2274696D65C3
:100280007374616D70223A007D007B226C65766527
:100290006C223A22303036222C2264657363223A73
:1002A00022436F6D6D616E64206E6F7420666F7592
:1002B0006E64222C22636F6D6D616E64223A007B46
:1002C000226C6576656C223A22303030222C226412
:1002D0006576696365223A22534C4D222C22706167
:1002E00072616D223A2274696D657374616D705F1D
:1002F00070696E222C2276616C7565223A007B2231
:100300006C6576656C223A22303036222C22646588
:1003100076696365223A22534C4D222C2265727213
:100320006F72223A2270696E5F6E6F745F706369DC
:100330006E7430222C2276616C7565223A006661FB
:100340006C73650074727565004C455645525F4C80
:1003500048004C455645525F524800534C4D004DA5
:100360004943524F53434F5045004C49434B004C77
:10037000415345520050554D50320050554D50009C
:100380004355453200435545002C226974695F6D21
:100390006178223A002C226974695F6D696E223A95
:1003A000002C226974695F6D65616E223A002C220F
:1003B000636F6E73756D7074696F6E5F6D73223AE3
:1003C000002C2274726163655F696E746572766178
:1003D0006C223A002C226375655F647572617469E2
:1003E0006F6E223A002C2263735F6D696E75735FC6
:1003F00066726571223A007B226C6576656C223AE2
:1004000022303030222C2263735F706C75735F660C
:10041000726571223A002C22636F756E7465726288
:10042000616C616E6365223A002C2263735F6D69B3
:100430006E75735F70726F62223A002C2263735F75
:10044000706C75735F70726F62223A002C22637356
:100450005F6D696E75735F636F756E74223A007BB2
:10046000226C6576656C223A22303030222C226470
:100470006576696365223A22434F4E54524F4C4C85
:100480004552222C22706172616469676D223A22A2
:100490005041564C4F5649414E222C2263735F7097
:1004A0006C75735F636F756E74223A007B226C65A6
:1004B00076656C223A22303037222C2264657669C8
:1004C0006365223A22434F4E54524F4C4C455222C0
:1004D0002C226576656E74223A225354415254227E
:1004E0002C2274696D657374616D70223A307D00E1
:1004F0007B226C6576656C223A22303030222C22C9
:10050000646576696365223A224D4943524F5343ED
:100510004F5045222C22706172616D223A22747212
:1005200069676765725F70696E222C2276616C75EF
:1005300065223A0046495245440074657374004D83
:100540004943524F53434F504500494E444550454F
:100550004E44454E54006D6F6465004C4153455206
:1005600000434F4E54494E47454E54006D6F6465ED
:10057000004C41534552006475726174696F6E009E
:100580004C41534552006672657175656E63790022
:100590004C415345520046495245440074657374BA
:1005A000004C41534552004649524544007465731E
:1005B000740050554D5032006475726174696F6EED
:1005C0000050554D50320046495245440074657301
:1005D000740050554D50006475726174696F6E00FF
:1005E00050554D500046495245440074657374009F
:1005F00043554532006475726174696F6E004355EE
:100600004532006672657175656E637900435545C4
:1006100032004649524544007465737400435545A1
:10062000006475726174696F6E00435545006672AF
:10063000657175656E6379004355450015020A02C0
:10064000FA01ED01E401DC016475726174696F6E99
:1006500000534C4D006672657175656E6379005389
:100660004C4D0073657373696F6E5F706175736570
:100670006400434F4E54524F4C4C4552006F6E73C2
:1006800065745F64656C6179004C41534552004369
:100690005545006C617365725F7068617365004CED
:1006A0004153455200524557415244006C617365B5
:1006B000725F7068617365004C415345520043534B
:1006C0005F424F544800747269616C5F66696C7474
:1006D0006572004C415345520043535F4D494E559E
:1006E0005300747269616C5F66696C746572004C6A
:1006F000415345520043535F504C55530074726947
:10070000616C5F66696C746572004C4153455200C0
:1007100070756C73655F6F66660043554532007097
:10072000756C73655F6F6E00435545320070756C74
:1007300073655F6F6666004355450070756C736541
:100740005F6F6E004355450070756C73655F6F6633
:100750006600435545320070756C73655F6F6E00BF
:1007600043554532006974695F6D617800434F4EAF
:1007700054524F4C4C4552006974695F6D696E006C
:10078000434F4E54524F4C4C4552006974695F6D53
:1007900065616E00434F4E54524F4C4C45520063BE
:1007A0006F6E73756D7074696F6E00434F4E545267
:1007B0004F4C4C45520074726163655F696E74659D
:1007C0007276616C00434F4E54524F4C4C45520070
:1007D0006375655F6475726174696F6E00434F4E37
:1007E00054524F4C4C455200636F756E7465726283
:1007F000616C616E636500434F4E54524F4C4C45E3
:1008000052007B226C6576656C223A2230303622AB
:100810002C22646576696365223A22434F4E545216
:100820004F4C4C4552222C2264657363223A22437A
:10083000616E6E6F74206368616E676520636F75AB
:100840006E74657262616C616E6365206475726955
:100850006E67206163746976652073657373696F71
:100860006E227D0063735F6D696E75735F6672657E
:100870007100434F4E54524F4C4C45520063735FCE
:10088000706C75735F6672657100434F4E54524FC2
:100890004C4C45520063735F6D696E75735F636F97
:1008A000756E7400434F4E54524F4C4C4552007B72
:1008B000226C6576656C223A22303036222C226416
:1008C0006576696365223A22434F4E54524F4C4C31
:1008D0004552222C2264657363223A2243616E6E74
:1008E0006F74206368616E67652043532D20636FCA
:1008F000756E7420647572696E67206163746976C1
:10090000652073657373696F6E227D0063735F701A
:100910006C75735F636F756E7400434F4E54524F26
:100920004C4C4552007B226C6576656C223A223035
:100930003036222C22646576696365223A22434F61
:100940004E54524F4C4C4552222C22646573632204
:100950003A2243616E6E6F74206368616E67652032
:1009600043532B20636F756E7420647572696E67D4
:10097000206163746976652073657373696F6E2295
:100980007D0063735F6D696E75735F70726F620077
:10099000434F4E54524F4C4C45520063735F706C42
:1009A00075735F70726F6200434F4E54524F4C4CE0
:1009B000455200227D007B226C6576656C223A22CE
:1009C000303036222C2264657363223A2200444977
:1009D0005341524D45440041524D454400227D0053
:1009E0002C2264657363223A2200222C2270696EE5
:1009F000223A007B226C6576656C223A22303031D7
:100A0000222C22646576696365223A2200222C2218
:100A1000706172616D223A2270696E222C227661B9
:100A20006C7565223A007B226C6576656C223A22F1
:100A3000303030222C22646576696365223A2200C8
:100A4000222C2276616C7565223A00222C2270617C
:100A500072616D223A22007B226C6576656C223AC7
:100A600022303030222C22646576696365223A2276
:100A70000066616C7365007472756500222C2276C5
:100A8000616C7565223A00222C22706172616D22C0
:100A90003A22007B226C6576656C223A2230303037
:100AA000222C22646576696365223A2200227D0049
:100AB000222C2276616C7565223A2200222C22704B
:100AC0006172616D223A22007B226C6576656C2230
:100AD0003A22303030222C22646576696365223AEE
:100AE000220044495341524D45440041524D454432
:100AF00000227D002C2264657363223A22007B224F
:100B00006C6576656C223A22303031222C22646585
:100B100076696365223A224D4943524F53434F5001
:100B200045222C2270696E223A0066616C73650062
:100B300074727565002C226475726174696F6E221F
:100B40003A002C226672657175656E6379223A00EF
:100B5000222C2261726D6564223A007B226C6576DC
:100B6000656C223A22303030222C2264657669632B
:100B700065223A220066616C7365007472756500C7
:100B80002C226475726174696F6E223A00222C22E5
:100B900061726D6564223A007B226C6576656C2219
:100BA0003A22303030222C22646576696365223A1D
:100BB000220066616C7365007472756500222C22D8
:100BC00061726D6564223A007B226C6576656C22E9
:100BD0003A22303030222C22646576696365223AED
:100BE000220066616C736500747275650066616CE5
:100BF00073650074727565002C227265696E666F8C
:100C000072636564223A00222C2261726D6564224F
:100C10003A007B226C6576656C223A2230303022B5
:100C20002C22646576696365223A2200027B226C7D
:100C30006576656C223A22303030222C226465764B
:100C4000696365223A22434F4E54524F4C4C4552F1
:100C5000222C22736B65746368223A227061766C71
:100C60006F7669616E2E696E6F222C2276657273C3
:100C7000696F6E223A2276332E342E302D626574DF
:100C8000612E35222C22626175645F726174652267
:100C90003A3131353230302C227363686564756CBB
:100CA00065223A225041564C4F5649414E227D0012
:100CB0002C22656E645F74696D657374616D70225A
:100CC0003A002C226576656E74223A224C49434BD9
:100CD000222C2273746172745F74696D6573746120
:100CE0006D70223A00222C2270696E223A007B221B
:100CF0006C6576656C223A22303037222C2264658E
:100D000076696365223A22002C22656E645F7469FD
:100D10006D657374616D70223A002C226576656E84
:100D200074223A225354494D222C227374617274F6
:100D30005F74696D657374616D70223A007B226C1B
:100D40006576656C223A22303037222C2264657633
:100D5000696365223A224C41534552222C22706924
:100D60006E223A0066616C73650074727565002CC2
:100D70002274696D657374616D70223A002C22696A
:100D800074695F6D73223A0043535F504C555300B2
:100D900043535F4D494E555300222C2272657761B3
:100DA00072645F7363686564756C6564223A002CD5
:100DB00022747269616C5F74797065223A22007BDB
:100DC000226C6576656C223A22303037222C226400
:100DD0006576696365223A225041564C4F56222C63
:100DE000226576656E74223A22545249414C5F5313
:100DF00054415254222C22747269616C223A00418F
:100E00004C4C5F545249414C535F434F4D504C45FD
:100E10005445005245574152445F4F4D4954544543
:100E200044005245574152445F44454C495645524F
:100E300045440054524143455F5354415254002CA1
:100E4000226D6973736564223A002C226576656EA3
:100E500074223A2254494D455354414D50222C227C
:100E600074696D657374616D70223A007B226C65E4
:100E700076656C223A22303038222C2264657669FD
:100E80006365223A224D4943524F53434F50452206
:100E90002C2270696E223A002C226576656E7422CF
:100EA0003A2254494D455354414D50222C227469E5
:100EB0006D657374616D70223A007B226C65766596
:100EC0006C223A22303039222C22646576696365BF
:100ED000223A22534C4D222C2270696E223A000095
:100EE000002100240027002A002D003000330001DB
:100EF000010000040107010A01000022002500286A
:100F0000002B002E00310034000201000005010812
:100F1000010B0100000A0B02090C0D0E0807030467
:100F200001000000000000000000000000000000C0
:100F3000000000000000000000000000000000129F
:100F40001110000000000000000000000000000080
:100F500000000000000000000044495341524D458C
:100F6000440041524D454400227D002C22646573AB
:100F700063223A22007B226C6576656C223A22302D
:100F80003031222C22646576696365223A22534C03
:100F90004D222C2270696E223A0001021020200896
:100FA00008102040102040800201020108040201C4
:100FB0000102040810204080804020100804020133
:100FC000800402018040201008040201080402018C
:100FD0000102040810204080010204081020408013
:100FE000000020002300260029002C002F003200E2
:100FF00000010000030106010901050505050705BB
:1010000008080808020202020A0A08080404040484
:1010100001010101010101010303030303030303B0
:10102000040707070C0C0C0C0C0C0C0C020202023F
:1010300006060606060606060B0B0B0B0B0B0B0B28
:10104000227D002C2274696D657374616D70223A83
:1010500000222C22747269616C223A007B226C653A
:1010600076656C223A22303037222C22646576690C
:101070006365223A225041564C4F56222C22657607
:10108000656E74223A22005354494D554C415449DF
:101090004F4E00494E465553494F4E00494E465516
:1010A00053494F4E00544F4E4500544F4E45004C4F
:1010B000415345520050554D505F320050554D50F0
:1010C000004355455F3200435545002C22656E6450
:1010D0005F74696D657374616D70223A00222C2211
:1010E00073746172745F74696D657374616D70227D
:1010F0003A002C226576656E74223A2200222C2258
:1011000070696E223A007B226C6576656C223A2209
:10111000303037222C22646576696365223A2200DA
:1011200054494D454F555400494E41435449564545
:101130000041435449564500227D002C226F7269BC
:10114000656E746174696F6E223A22002C22656E9E
:10115000645F74696D657374616D70223A00222C4E
:101160002273746172745F74696D657374616D70FC
:10117000223A002C226576656E74223A225052453E
:101180005353222C22636C617373223A22007B2218
:101190006C6576656C223A22303037222C226465E9
:1011A00076696365223A225357495443485F4C4558
:1011B000564552222C2270696E223A008D38112435
:1011C0001FBECFEFD1E2DEBFCDBF00E00CBF13E00A
:1011D000A0E0B2E0ECE1FFE800E00BBF02C0079046
:1011E0000D92AC34B107D9F725E0ACE4B3E001C00F
:1011F0001D92A83AB207E1F718E0CFEDD8E000E081
:1012000006C021970109802FFE010E945945CE3D5D
:10121000D10780E00807A9F70E94433C0C948C4753
:101220000C94000090915D04891798F4E82FE695DE
:10123000E695E695F0E0E959FB4F208130E08770B4
:10124000A90102C0559547958A95E2F7CA018170B8
:10125000089580E0089590917704292F092E000CBD
:10126000330BF901E650F04FE491F0E0EE0FFF1F71
:10127000E052F04F45915491509379044093780493
:10128000F901E656F04FE491E0937A0440916B0047
:1012900086EF890F843080F42650310981E001C047
:1012A000880F2A95EAF7842B80936B008091680061
:1012B000816080936800089588E09233A1F384E010
:1012C000933389F382E0943371F39E5381E0983035
:1012D00050F72E533109E2CFCF93DF93EC01888191
:1012E0009981DC01ED91FC910190F081E02D64E2A7
:1012F00070E01995009741F02FE1FC01238321E074
:101300002283DF91CF91089521E02A83FACF815083
:10131000823108F05AC0E82FF0E08827ED56F64FEA
:101320008F4F0C945945B309B709A509AB09AF090B
:10133000E509BA09C009C409CA09CE09D209D80900
:10134000DC09E509E009E609EA09809180008F7768
:10135000809380000895809180008F7DF9CF8091E7
:101360008000877FF5CF84B58F7784BD089584B5DD
:101370008F7DFBCF8091B0008F778093B000089570
:101380008091B0008F7DF9CF809190008F7780930E
:1013900090000895809190008F7DF9CF809190000A
:1013A000877FF5CF8091A0008F778093A00008956C
:1013B0008091A0008F7DF9CF8091A000877FF5CF2D
:1013C000809120018F7780932001089580912001E2
:1013D0008F7DF9CF80912001877FF5CFCF93DF9369
:1013E000282F30E0F901ED5EF04F8491F901E656C7
:1013F000F04FD491F901E650F04FC491CC23A1F005
:1014000081110E948709EC2FF0E0EE0FFF1FE052E0
:10141000F04FA591B491EC91ED2381E090E009F4B7
:1014200080E0DF91CF91089580E090E0FACF1F93A4
:10143000CF93DF93282F30E0F901ED5EF04F8491D8
:10144000F901E656F04FD491F901E650F04FC491FE
:10145000CC23A9F0162F81110E948709EC2FF0E010
:10146000EE0FFF1FE750F14FA591B4918FB7F8949D
:10147000EC91111108C0D095DE23DC938FBFDF9172
:10148000CF911F910895DE2BF8CFCF93DF9390E09B
:10149000FC01E656F04F24918650904FFC01849158
:1014A0008823C9F090E0880F991FFC01E152F14FA9
:1014B000A591B491FC01E750F14FC591D491611110
:1014C0000DC09FB7F8948C91209582238C938881CE
:1014D000282328839FBFDF91CF910895623051F474
:1014E0009FB7F8943C91822F809583238C93E88159
:1014F0002E2BEFCF8FB7F894EC912E2B2C938FBF20
:10150000EACF3FB7F89480917F0390918003A09138
:101510008103B091820326B5A89B05C02F3F19F027
:101520000196A11DB11D3FBFBA2FA92F982F882763
:10153000BC01CD01620F711D811D911D42E0660F3E
:10154000771F881F991F4A95D1F708958F929F9210
:10155000AF92BF92CF92DF92EF92FF920E94810AE8
:101560004B015C0184E6C82ED12CE12CF12C0E94A9
:10157000810A681979098A099B09683E73408105C7
:101580009105A8F321E0C21AD108E108F10888EE1C
:10159000880E83E0981EA11CB11CC114D104E10483
:1015A000F10429F7FF90EF90DF90CF90BF90AF90BC
:1015B0009F908F9008952FB7F89460917B0370915E
:1015C0007C0380917D0390917E032FBF08950F933C
:1015D0001F93CF93DF93C0912204D09123042097CF
:1015E000C9F08A81882331F08B818F3F19F08B817C
:1015F0008F5F8B8381E08A830E94DB0A09851A85CD
:101600002B853C85601B710B820B930B6D837E8356
:101610008F839887DF91CF911F910F91089508953F
:101620009091280289130DC0ECE2FCE0E4919FEF59
:1016300090932802E230E1F038F4EE2381F0E130BB
:1016400089F060E00C94170AE43049F110F1E530BC
:10165000C1F7909173009D7F90937300F2CF109229
:101660006E00EFCF90916F009D7F90936F00E9CF58
:10167000909170009D7F9093700091E09093B000E6
:101680009091B100987F94609093B1001092B30054
:10169000D8CF909171009D7F90937100D2CF90919F
:1016A00072009D7F90937200CCCF4F925F926F92A9
:1016B0007F928F929F92AF92BF92CF92DF92EF92E2
:1016C000FF920F931F93CF93DF9300D01F921F922F
:1016D000CDB7DEB78B0129013A0190912802891715
:1016E000C9F09F3F09F491C00F900F900F900F9099
:1016F0000F90DF91CF911F910F91FF90EF90DF90AE
:10170000CF90BF90AF909F908F907F906F905F90A1
:101710004F900895ECE2FCE024912D8327FDE4CF67
:1017200061E00E94450A2D81222321F08D818230C3
:1017300009F005C24801B12CA12C60E072E18AE7F2
:1017400090E0A50198010E94C84329833A834B8306
:101750005C8369017A0191E0C91AD108E108F108B6
:101760002FEFC216D104E104F10409F00CF4B6C164
:1017700060E472E48FE090E0A50198010E94C84304
:1017800069017A0181E0C81AD108E108F1089D8158
:10179000923009F026C182E02FEFC216D104E10495
:1017A000F10409F00CF46CC160E970ED83E090E0A5
:1017B000A50198010E94C84369017A0181E0C81A15
:1017C000D108E108F10883E09FEFC916D104E104D4
:1017D000F10409F00CF454C168E478EE81E090E083
:1017E000A50198010E94C84369017A0181E0C81AE5
:1017F000D108E108F1089FEFC916D104E104F10412
:1018000011F00CF044C184E03BC180932802ECE26B
:10181000FCE094919D839F3F09F466CF923009F4D8
:1018200074C058F4992399F1913009F44CC097FD94
:101830005BCF61E00E94450A79CF2D81243009F405
:10184000AEC008F488C0253091F7109220011092A4
:1018500021019091210198609093210190912101A3
:10186000916090932101282F30E0F901E650F04F6C
:10187000E491F0E0EE0FFF1FE750F14F45915491D6
:10188000F901E656F04FE491E0935A0349CF14BCB6
:1018900015BC94B5926094BD95B5916095BD282F07
:1018A00030E0F901E650F04FE491F0E0EE0FFF1F59
:1018B000E750F14F45915491F901E656F04FE4910C
:1018C000E0935E032DCF10928000109281009091E2
:1018D0008100986090938100909181009160909335
:1018E0008100282F30E0F901E650F04FE491F0E05C
:1018F000EE0FFF1FE750F14F45915491F901E65665
:10190000F04FE491E0935D030BCF1092B000109282
:10191000B1009091B00092609093B0009091B100AE
:1019200091609093B100282F30E0F901E650F04F1C
:10193000E491F0E0EE0FFF1FE750F14F4591549115
:101940005093740340937303F901E656F04FE4910A
:10195000E0937503E5CE1092900010929100909163
:101960009100986090939100909191009160909374
:101970009100282F30E0F901E650F04FE491F0E0BB
:10198000EE0FFF1FE750F14F45915491F901E656D4
:10199000F04FE491E0935C0393E09D83C1CE1092FD
:1019A000A0001092A1009091A10098609093A100D6
:1019B0009091A10091609093A100282F30E0F9014F
:1019C000E650F04FE491F0E0EE0FFF1FE750F14FCB
:1019D00045915491F901E656F04FE491E0935B0391
:1019E0009FCE2FEFC216D104E104F10409F00CF4EC
:1019F000A4C068E478EE81E090E0A50198010E941F
:101A0000C84369017A0181E0C81AD108E108F108E8
:101A10009D81992309F489C19FEFC916D104E1047E
:101A2000F10409F00CF4EFCE62E17AE780E090E097
:101A3000A50194010E94C84369017A0181E0C81A96
:101A4000D108E108F1089D81992309F453C186E08A
:101A50009FEFC916D104E104F10491F088F0C98028
:101A6000DA80EB80FC808AE0F594E794D794C79401
:101A70008A95D1F781E0C81AD108E108F10887E01A
:101A80009091B100987F892B8093B1002FC064E2C0
:101A900074EF80E090E0A50194010E94C8436901C1
:101AA0007A0181E0C81AD108E108F10885E09FEFCA
:101AB000C916D104E104F10419F310F362E17AE7E5
:101AC00080E090E0A50194010E94C84369017A0179
:101AD00081E0C81AD108E108F108B9CF81E02D8171
:101AE0002111CECF95B5987F892B85BD2FEF3FEF84
:101AF000A901411451046104710409F049C09D8198
:101B0000923009F4E7C00CF0CEC0992309F4D3C099
:101B1000913009F0E9CDD0928900C09288002093DD
:101B20006B0330936C0340936D0350936E0380916D
:101B30006F00826080936F00D7CD82E0D0CFB12C50
:101B4000A12C60E072E18AE790E0A50198010E9473
:101B5000C84369017A0181E0C81AD108E108F10897
:101B6000C114D10491E0E906F10404F591E02D815E
:101B7000213069F580918100887F892B80938100D5
:101B80002FEF3FEFA901411451046104710419F2D0
:101B9000D801AA0FBB1FA30192010E94E74328EEC0
:101BA00033E040E050E00E94FA43A9CF68E478EEC9
:101BB00081E090E0A50198010E94C84369017A0183
:101BC00081E0C81AD108E108F10893E0D0CF8D81F7
:101BD000833001F580919100887F892B809391005B
:101BE0002FEF3FEFA901411451046104710481F604
:101BF000D0929900C09298002093670330936803B5
:101C00004093690350936A038091710082608093CE
:101C100071006ACD2D81243009F58091A100887F63
:101C2000892B8093A1002FEF3FEFA90141145104AC
:101C30006104710409F0ACCFD092A900C092A80051
:101C400020936303309364034093650350936603CA
:101C50008091720082608093720046CD8D818530C4
:101C600009F044CF80912101887F892B8093210145
:101C70002FEF3FEFA901411451046104710409F0F1
:101C800087CFD0922901C092280120935F0330931F
:101C900060034093610350936203809173008260FC
:101CA0008093730021CD8D81843031F20CF4A0CF6C
:101CB000853039F319CDC7BC20936F03309370037F
:101CC000409371035093720380916E008260809301
:101CD0006E000ACDC092B300209376033093770351
:101CE00040937803509379038091700082608093D1
:101CF0007000FACC84E02FEFC216D104E104F104A5
:101D000009F008F4EFCEC980DA80EB80FC809AE01D
:101D1000F594E794D794C7949A95D1F791E0C91AAE
:101D2000D108E108F10885E0DDCE83E02FEFC2168F
:101D3000D104E104F10411F00CF076CED3CEAF92D1
:101D4000BF92CF92DF92EF92FF920F931F93CF93A8
:101D5000DF936C017B018B01040F151FEB015E010A
:101D6000AE18BF08C017D10759F06991D601ED919F
:101D7000FC910190F081E02DC6011995892B79F72E
:101D8000C501DF91CF911F910F91FF90EF90DF90F0
:101D9000CF90BF90AF900895FC01538D448D252FB7
:101DA00030E0842F90E0821B930B541710F0CF96F5
:101DB000089501970895FC01918D828D981761F027
:101DC000A28DAE0FBF2FB11D5D968C91928D9F5F3E
:101DD0009F73928F90E008958FEF9FEF0895FC011D
:101DE000918D828D981731F0828DE80FF11D858DD0
:101DF00090E008958FEF9FEF0895FC01918D228D63
:101E0000892F90E0805C9F4F821B91098F739927E7
:101E1000089583E893E00E94FD0E21E0892B09F4E8
:101E200020E0822F0895FC01A48DA80FB92FB11DC9
:101E3000A35ABF4F2C91848D90E001968F73992700
:101E4000848FA689B7892C93A089B1898C918370DE
:101E500080648C93938D848D981306C00288F389D7
:101E6000E02D80818F7D80830895EF92FF920F9304
:101E70001F93CF93DF93EC0181E0888F9B8D8C8D36
:101E800098131AC0E889F989808185FF15C09FB72A
:101E9000F894EE89FF896083E889F98980818370ED
:101EA000806480839FBF81E090E0DF91CF911F919C
:101EB0000F91FF90EF900895F62E0B8D10E00F5FBD
:101EC0001F4F0F731127E02E8C8D8E110CC00FB693
:101ED00007FCFACFE889F989808185FFF5CFCE012B
:101EE0000E94130FF1CFEB8DEC0FFD2FF11DE35A84
:101EF000FF4FF0829FB7F8940B8FEA89FB898081AE
:101F00008062CFCF0F931F93CF93DF938C01D0E0EC
:101F1000C0E0F801EC0FFD1F6491662341F083E8F7
:101F200093E00E94350F892B11F02196F2CFCE015C
:101F3000DF91CF911F910F910895CF93DF93EC0123
:101F4000888D8823B9F0AA89BB89E889F9898C91A1
:101F500085FD03C0808186FD0DC00FB607FCF7CF5D
:101F60008C9185FFF2CF808185FFEDCFCE010E945D
:101F7000130FE9CFDF91CF91089580E090E0892B96
:101F800029F00E94090F81110E94000080E090E07A
:101F9000892B49F080E090E0892B29F00E94000015
:101FA00081110E94000080E090E0892B49F080E0E0
:101FB00090E0892B29F00E94000081110E9400000E
:101FC00080E090E0892B49F080E090E0892B29F0B7
:101FD0000E94000081110C9400000895CF92DF92BE
:101FE000EF92FF921F93CF93DF93EC016A017B0185
:101FF0008C810E94EE0911E0892B09F410E08B8599
:10200000181721F0CD8ADE8AEF8AF88E8D899E8995
:10201000AF89B88DB701A601481B590B6A0B7B0B22
:10202000898D90E0B0E0A0E084179507A607B70778
:1020300098F48C85181781F01C878A851817A9F0E9
:10204000CA8EDB8EEC8EFD8EEAA1FBA1309721F0CB
:10205000B701A601898519951B87DF91CF911F9143
:10206000FF90EF90DF90CF900895CE8EDF8EE8A2A4
:10207000F9A2ECA1FDA1309779F389851995ECCFF0
:10208000CF92DF92EF92FF920F931F93CF93DF9344
:10209000EC018E81811103C08D89882369F18C81C7
:1020A0000D851E852F8538896A017B01C01AD10AEA
:1020B000E20AF30A9701860137FD18C009891A89D7
:1020C0002B893C89401B510B620B730B14161506B0
:1020D000160617065CF061E0DF91CF911F910F911A
:1020E000FF90EF90DF90CF900C94170A60E00E9471
:1020F000170A8D8981111D8ADF91CF911F910F9150
:10210000FF90EF90DF90CF900895CF93DF93EC0195
:1021100061E088810E94170A81E08D870E94DB0AB6
:102120006E877F87888B998BDF91CF910895CF92AF
:10213000DF92EF92FF92CF93DF93EC0189859A852E
:10214000AB85BC850097A105B10581F44D8F5E8FED
:102150006F8F78A349A35AA36BA37CA31FA2DF911F
:10216000CF91FF90EF90DF90CF9008956A017B01AF
:10217000CD8EDE8EEF8EF8A2BC01CD010E94A94269
:102180009B01AC0160E070E080E89FE30E9498440E
:1021900020E030E040E05FE30E940A4320E030E0CE
:1021A0004AE754E40E940A4320E030E040E05FE365
:1021B0000E942C440E941145C60ED71EE81EF91E2F
:1021C000C9A2DAA2EBA2FCA28FA191E089278FA37A
:1021D000C6CFCF92DF92EF92FF92CF93DF93EC01C5
:1021E0006A017B018D899E89AF89B88DAB0196010B
:1021F000281B390B4A0B5B0BDA01C901B7FD49C03B
:10220000898D9A8DAB8DBC8DAB019601281B390B46
:102210004A0B5B0BDA01C901181619061A061B06D0
:10222000C4F18EA18823A9F189859A85AB85BC85E7
:102230000197A105B10551F461E08C81DF91CF9147
:10224000FF90EF90DF90CF900C94170A89A19AA18C
:10225000ABA1BCA1AB019601281B390B4A0B5B0B50
:10226000DA01C901B7FD04C0A601CE010E94971092
:102270008C819FA1992311F061E0E0CF60E00E9482
:10228000170A1FA2DF91CF91FF90EF90DF90CF90C0
:10229000089560E08C810E94170A1FA2898D9A8D93
:1022A000AB8DBC8DC81AD90AEA0AFB0A8EA1882315
:1022B00031F01C141D041E041F040CF41EA288A57A
:1022C000882301F31C141D041E041F04DCF618A649
:1022D000D9CF8F929F92AF92BF92CF92DF92EF921F
:1022E000FF920F931F93CF93DF93EC018E818111A7
:1022F00004C088A1882309F445C07B0189899A8993
:10230000AB89BC894A015B01881A990AAA0ABB0AEF
:10231000C501B40197FD53C00D891E892F89388DE1
:102320004A015701801A910AA20AB30A9501840151
:1023300010161106120613060CF441C02A8D222332
:10234000A9F10C8D1D8D2E8D3F8D200F311F211574
:10235000310511F421E030E0FB8C50E040E00E94B8
:10236000FA4360177107D8F4F1100AC069857A85BD
:1023700020E030E0A9018C810E94550B81E08B8F19
:1023800081E0898FDF91CF911F910F91FF90EF90A6
:10239000DF90CF90BF90AF909F908F900895FF20D7
:1023A00079F38C810E94100B1B8EEACF69857A85A8
:1023B00020E030E0A9018C810E94550BE1CF898D8E
:1023C000882301F38C810E94100B198E1B8E88A12B
:1023D0008823C1F218A2D6CF6F3FA9F0E62FE2956D
:1023E000EF7044E0E49F90011124DC01ED91FC9139
:1023F000E20FF31F6F7082819381B6E06B9F800DB7
:10240000911D1124089590E080E00895982F803365
:102410006CF08A3324F08F3524F08B3724F481E07C
:10242000089581341CF081E09B350CF080E0089524
:10243000FC01828581110AC0A781B085CD0101967A
:10244000908787838C91818781E082878185089539
:102450001F93CF93DF93EC01162F0E941812811364
:1024600006C01A8681E0DF91CF911F91089580E028
:10247000FACF0F931F93CF93DF938C01EB018991D8
:10248000882369F0C8010E941812882379F0FE01A0
:102490003197908198130DC0F8011286F0CF90E02B
:1024A00080E0DF91CF911F910F91089582E090E03D
:1024B000F8CF83E090E0F5CFCF93DF93EC01CE012E
:1024C0000E9418128B304CF489305CF4882359F048
:1024D00081E08E8390E080E00BC08D3011F080327F
:1024E000B9F71A86ECCF8E81811105C081E090E0AA
:1024F000DF91CF91089582E090E0FACFDC0152960F
:102500009C915297915084E0989F9001112450968D
:10251000ED91FC91E20FF31F2281338121153105EA
:1025200079F041818081481758F481E0840F8183DC
:1025300086E0489F200D311D11242115310521F41D
:1025400060E070E08FEF0895B901892F8295807F58
:10255000840F0895DF92EF92FF920F931F93CF9312
:10256000DF93EC017B01D12C688979898A89D8169F
:10257000E0F484E0D89E80011124060F171FD801D3
:1025800012966D917C916115710541F0D701ED9125
:10259000FC910280F381E02DC7011995F8011382A7
:1025A000128210821182D394DFCF1A8A8FEF8C8B24
:1025B000C617D70761F0D701ED91FC910280F38136
:1025C000E02DC7011995D98BC88B84E08B8BDF91E7
:1025D000CF911F910F91FF90EF90DF9008952F9270
:1025E0003F924F925F926F927F928F929F92AF92A3
:1025F000BF92CF92DF92EF92FF920F931F93CF93F0
:10260000DF9300D01F92CDB7DEB7209159033091F0
:1026100016028091080290910902A0910A02B091DD
:102620000B02C0900C02D0900D02E0900E02F090D0
:102630000F0240911002509111025A834983E09198
:102640001202F0911302FC83EB8380901C029090A5
:102650001D02A0901E02B0901F02409022025090D6
:1026600023026090240270902502E0912002F091F4
:102670002102309711F4E1E0F0E040910402509122
:1026800005026091060270910702481759076A0710
:102690007B0710F4AC01BD0110913C04112309F437
:1026A0006BC0F0934A04E0934904EB81FC81F09302
:1026B0004C04E0934B04E981FA81F0934E04E093DB
:1026C0004D048093530490935404A0935504B09305
:1026D00056044093570450935804609359047093E0
:1026E0005A04C816D906EA06FB0648F0D701C60107
:1026F000481759076A077B0710F4DB01CA0180936A
:102700004F0490935004A0935104B0935204353673
:1027100008F034E630934604253608F024E620938A
:102720004704E0912A04F0912B04309721F0418670
:10273000528663867486E0912C04F0912D043097C4
:1027400021F081869286A386B4860F900F900F9019
:102750000F90DF91CF911F910F91FF90EF90DF903D
:10276000CF90BF90AF909F908F907F906F905F9031
:102770004F903F902F9008952090150227FE02C0A1
:1027800010E8212E30905803009114022092440446
:1027900010E81219011708F4102F10934504F09354
:1027A0004A04E0934904EB81FC81F0934C04E093EC
:1027B0004B04E981FA81F0934E04E0934D04809339
:1027C000530490935404A0935504B093560440933B
:1027D0005704509358046093590470935A04C816D0
:1027E000D906EA06FB0648F0D701C6014817590783
:1027F0006A077B0710F4DB01CA0180934F049093B2
:102800005004A0935104B0935204353608F034E6D6
:1028100030934604253608F024E62093470430928E
:102820004804E0912A04F0912B04309759F0418636
:10283000528663867486128E88EC90E0958F848F22
:10284000978F868FE0912C04F0912D04309709F436
:102850007CCF81869286A386B486E0912C04F09189
:102860002D0481E0828F88EC90E0958F848F978F84
:10287000868F6BCF90913C049923E9F090913D04B1
:10288000911119C08230B8F481110BC081E0209100
:10289000240430912504232B09F080E08093420426
:1028A000089581E02091260430912704232B09F01C
:1028B00080E08093430408954F925F926F927F92DD
:1028C0008F929F92AF92BF92CF92DF92EF92FF9240
:1028D0000F931F93CF93DF9300D01F921F92CDB71A
:1028E000DEB7DC012C912B32E1F12D32D9F50196C6
:1028F000EE24E394FC01208130ED320F3A3010F0E9
:102900002E3291F58C0160E070E0CB01F80121914D
:1029100030ED832E820E39E0381508F444C06A3950
:1029200049E97407840749E1940708F046C0AAE022
:10293000B0E09B01AC010E94E743912CB12CA12C8B
:1029400024013501409450946094709446165706C3
:102950006806790690F1680D791D8A1D9B1D8F010F
:10296000D5CF0196E12CC6CF198229813A814B81BE
:102970005C816D8170E080E090E00F900F900F908F
:102980000F900F90DF91CF911F910F91FF90EF90DB
:10299000DF90CF90BF90AF909F908F907F906F907F
:1029A0005F904F900895211108C0EE2051F16130E1
:1029B0007105810550E89507A0F0F12CBAE08B2E47
:1029C000912CA12CB12C6115710530E8830791057C
:1029D000F8F0A50194010E94FA43CA01B901F394E9
:1029E000F2CF22E029839B01AC0188279927DC01E3
:1029F000821B930BA40BB50B8A839B83AC83BD8393
:102A0000B4CF23E029836A837B838C839D83ADCFFE
:102A1000F801D8012D918D0130ED320F3A3010F4CC
:102A2000F394F6CF2E3201F58F010F5F1F4FF8019F
:102A30000F5F1F4F2081A0EDDA2ED20EB9E0BD1539
:102A400098F06C3CECEC7E07ECE08E07910578F793
:102A5000AAE0B0E09B01AC010E94E7436D0D711D3F
:102A6000811D911DFA94E3CF20812F7D10E000E0BD
:102A7000253409F050C021812D32B1F53296CC2495
:102A8000C394DF0110E000E02F2D0F2C000C330B5E
:102A9000EAE0BE2EFD01DD9040ED4D0D4A30B0F56F
:102AA000B09EA001B19E500D11240D2DDD0C110B17
:102AB00000531109040F151FA801420F531F47327D
:102AC000510544F3CC20B9F080E090E0A0E0B0E8FC
:102AD000E11003C080E090E0DC0121E029838A83DB
:102AE0009B83AC83BD8341CF2B3219F03196C12C2F
:102AF000C8CF3296FCCF80E090E0A0E8BFEFE110B5
:102B0000ECCF80E090E0A0E8BFE7E7CFCC2019F061
:102B10001195019511092081211126CF0F0D111D4D
:102B2000F7FC1A950E94A94240E3A42E42E0B42E7D
:102B3000101611063CF011950195110958E1A52ECA
:102B400052E0B52ED12CC12C01151105E9F0F6E0AB
:102B5000CF16D104A9F000FF0DC0F601EE0FFF1F44
:102B6000EE0FFF1FEA0DFB1D259135914591549104
:102B70000E940A43159507952FEFC21AD20AE4CF97
:102B800060E070E080EC9FE7E110905821E029833D
:102B90006A837B838C839D83E8CECF92DF92EF9212
:102BA000FF920F931F93CF93DF937C016B018A01F8
:102BB000FC01C081D1814F3F510509F0B0F4E8819B
:102BC000F9810480F581E02D4B5F5F4FCE011995AF
:102BD000009759F0FC010383DF91CF911F910F9172
:102BE000FF90EF90DF90CF900895E881F981028007
:102BF000F381E02DB601CE01199581E0F7018283C2
:102C000090E080E0E9CF1F93CF93DF93EC01162F84
:102C10006A817B816115710589F04C815D81FB01C1
:102C200083818417150651F4440F551F4F5F5F4F82
:102C3000888199810E94CD159B838A838A819B819B
:102C4000009759F02C813D81A9014F5F5F4F5D8353
:102C50004C83820F931FFC011483DF91CF911F914E
:102C600008959F92AF92BF92CF92DF92EF92FF9220
:102C70000F931F93CF93DF9300D01F921F92CDB776
:102C8000DEB78C010E941812D82EF8011286F12CA2
:102C9000E12C60EFC62EC8010E941812F8011286BE
:102CA000D81609F4B3C0811113C082E090E00F90F0
:102CB0000F900F900F900F90DF91CF911F910F9178
:102CC000FF90EF90DF90CF90BF90AF909F900895CE
:102CD0008C3509F099C0C8010E941812882329F385
:102CE000E3E7F2E0853709F083C0F801128654E08B
:102CF000952EB12CA12CC8010E9418128823A9F28C
:102D0000813434F48053803130F083E090E0CFCFD1
:102D10008F7D8753F8CF44E0AA0CBB1C4A95E1F79E
:102D2000A82AF80112869A949110E5CFC501985D02
:102D30008115944020F47501F3E0FF22ACCFC5016A
:102D40009C5D81159440A8F483E0B822B701762FEA
:102D50006627770F770F6A297B2990E080E001963C
:102D6000603871058105910540F4C8010E94031681
:102D700092CFB50190E080E0F3CF1982262F2F7318
:102D800020682A8326E096958795779567952A95FA
:102D9000D1F76032710580F4606C6B835E01E4E012
:102DA000AE0EB11CF50162915F01662309F473CF89
:102DB000C8010E940316F6CF262F2F7320682B839D
:102DC00086E0769567958A95E1F76031710538F46C
:102DD000606E6C835E01F5E0AF0EB11CE3CF6068FE
:102DE0006C83CD825E0126E0A20EB11CDBCF329651
:102DF0009081992309F489CF8913F9CF81818823A0
:102E000009F483CFF8011286682FAFCF82819381B6
:102E1000892B19F484E090E04ACF90E080E047CF1E
:102E20006F927F928F929F92AF92BF92CF92DF92DA
:102E3000EF92FF920F931F93CF93DF93EC012A81C0
:102E40003B812C5F3F4F4C815D814430510588F5BB
:102E50008901F90180E0942FB22FAE2FA21BA91790
:102E600030F4F190A1E0F110A0E08A2BF6CF8111AF
:102E700020C082E0EB018C83FB01802F8B1B891724
:102E800028F4E80189918E018193F7CF640F751FB3
:102E9000FB011082DF91CF911F910F91FF90EF9076
:102EA000DF90CF90BF90AF909F908F907F906F906A
:102EB00008958B01F901E40FF51F10828881998133
:102EC0004C815D81DC011396ED91FC913A01E8940F
:102ED00077F86901C60CD71C3097C1F0A381A615FD
:102EE000170481F449017F01B4E0EB0EF11C8C144E
:102EF0009D0429F1D401AD904D01D701BD907D0114
:102F0000AB14A9F30190F081E02DE6CF6A817B81BB
:102F10000E94CD15FC01A881B98113968D919C91D9
:102F20001497918380831496FC93EE9313971B82DE
:102F30001A8285E0E8018C83F983E883ABCF828134
:102F40008F5F8283F6CFDB01ED91FC9111970280B8
:102F5000F381E02DBC01CD011994AF92BF92CF92C5
:102F6000DF92EF92FF920F931F93CF93DF93EC01C9
:102F70008B018C8180FF24C0A881B981FB018381F2
:102F8000948130E020E00097D9F0A817B907D1F577
:102F9000F8016081718112968C911297815012967E
:102FA0008C93129781110CC08D919C9111972115D2
:102FB000310529F1F90191838083CD010E94A31786
:102FC0008C81807631F1209721F1F8805801F5E16C
:102FD000AF0EB11C8FEFF816D1F06F2DC5010E9416
:102FE000EC116C01FC01E580B8010E94AD17F801FD
:102FF000818DF6018083F801F18EFE2CEBCF948356
:103000008383DBCF9C01FC0180819181BCCFF8825E
:10301000F9821C82DF91CF911F910F91FF90EF9069
:10302000DF90CF90BF90AF9008950F931F93CF93F1
:10303000DF93EC01088119818B819C81009749F015
:10304000FC01208131813C832B83B8010E94A317AE
:10305000F3CF68817981CE010596DF91CF911F91E1
:103060000F910C94AA12FC0101900020E9F731970E
:10307000AF01481B590BBC0183E893E00C949F0EF1
:103080008F929F92AF92BF920F931F93CF93DF9334
:10309000CDB7DEB7A1970FB6F894DEBF0FBECDBF98
:1030A00019A2423008F44AE08E010F5D1F4F842EB2
:1030B000912CB12CA12CA50194010E94FA43E62F7A
:1030C000B901CA01EA30F4F4E05DD801EE938D0154
:1030D000232B242B252B79F790E080E0109719F013
:1030E000CD010E943318A1960FB6F894DEBF0FBE33
:1030F000CDBFDF91CF911F910F91BF90AF909F9067
:103100008F900895E95CE1CFCF92DF92EF92FF922A
:10311000CF93DF936C01990FEE08FF08F7FE19C0FB
:103120006DE283E893E00E94350FEC016627772774
:10313000CB016C197D098E099F094AE00E94401855
:103140008C0F9D1FDF91CF91FF90EF90DF90CF907C
:1031500008954AE0C701B601DF91CF91FF90EF904B
:10316000DF90CF900C9440184AE00C944018682FE0
:1031700070E090E080E04AE00C944018CF93DF9339
:103180006DE783E893E00E94350FEC0186E892E05A
:103190000E9433188C0F9D1FDF91CF9108954F929D
:1031A0005F926F927F928F929F92AF92BF92EF92B7
:1031B000FF920F931F93CF93DF932A013B014801A6
:1031C0005901853009F480C008F061C0843009F4E9
:1031D0006FC0E0912A04F0912B041481CAEAD0E177
:1031E00047ECE42E40E1F42E86E091E10E94820F4C
:1031F000C7010E94820F8DEF90E10E94820F812F04
:10320000110F990B0E94841882EF90E10E94820FA7
:10321000CE010E94820F8DED90E10E94820F80917D
:10322000380490913904A0913A04B0913B04A30171
:103230009201281B390B4A0B5B0BCA01B9010E9492
:10324000B4188BEC90E10E94820F80913804909129
:103250003904A0913A04B0913B04A5019401281BC4
:10326000390B4A0B5B0BCA01B9010E94B418DF91FC
:10327000CF911F910F91FF90EF90BF90AF909F90D3
:103280008F907F906F905F904F900C94BE18863017
:1032900039F1873009F09DCFE0913204F091330489
:1032A0001481C7E8D0E18FEAE82E80E1F82E9CCFA8
:1032B000E0912C04F0912D041481C5EAD0E131ECA9
:1032C000E32E30E1F32E90CFE0912E04F0912F0405
:1032D0001481CCE9D0E12CEBE22E20E1F22E84CF58
:1032E000E0913004F09131041481C3E9D0E195EB11
:1032F000E92E90E1F92E78CF0F931F93CF93DF93B0
:103300008C01D62FC42F82E19CE00E94820FC8015D
:103310000E94820F87E09CE00E94820F8DEE9BE06E
:10332000DD2311F083EF9BE00E94820F88EF9BE08A
:103330000E94820F82EE9BE0CC2311F088EE9BE08E
:103340000E94820FDF91CF911F910F910C94BE18B4
:103350000F931F93CF938C01C62F88EC9BE00E94A4
:10336000820FC8010E94820F8DEB9BE00E94820FAA
:1033700082EB9BE0CC2311F088EB9BE00E94820F54
:10338000CF911F910F910C94BE18CF92DF92EF92C4
:10339000FF920F931F93CF938C01C62F69017A017F
:1033A00088E99BE00E94820FC8010E94820F8DE88D
:1033B0009BE00E94820F85E79BE0CC2311F08BE716
:1033C0009BE00E94820F80E89BE00E94820FC70171
:1033D000B6010E94B418CF911F910F91FF90EF900A
:1033E000DF90CF900C94BE187F928F929F92AF92F5
:1033F000BF92CF92DF92EF92FF920F931F93CF93E2
:10340000DF93EC01762E49015A01670178018BE5C3
:103410009BE00E94820FCE010E94820F80E59BE01C
:103420000E94820F8AE29BE0772011F080E39BE00C
:103430000E94820F82E49BE00E94820FC501B401CA
:103440000E94B41885E39BE00E94820FC701B60179
:103450000E94B418DF91CF911F910F91FF90EF90D0
:10346000DF90CF90BF90AF909F908F907F900C9403
:10347000BE18EF92FF920F931F93CF937C018B01A5
:10348000C42F83E99AE00E94820FC7010E94820F35
:1034900087E89AE00E94820FC8010E94820F8CE7A1
:1034A0009AE00E94820F81E79AE0CC2311F087E72F
:1034B0009AE00E94820FCF911F910F91FF90EF90A1
:1034C0000C94BE18CF92DF92EF92FF920F931F934E
:1034D000CF93DF938C01EB0169017A0187E59AE0D4
:1034E0000E94820FC8010E94820F8BE49AE00E9422
:1034F000820FCE010E94820F80E49AE00E94820F28
:10350000C701B6010E94B418DF91CF911F910F91AE
:10351000FF90EF90DF90CF900C94BE18CF92DF9287
:10352000EF92FF920E94DB0A6B017C01C0924C0378
:10353000D0924D03E0924E03F0924F03809192049B
:103540008823C9F08091A004811115C08EE894E011
:103550000E948510C092A104D092A204E092A3041C
:10356000F092A40481E08093A004F8941092900457
:10357000109291047894C0904C03D0904D03E09049
:103580004E03F0904F0310923C0410923D041092B1
:103590005B04E0912A04F0912B04309719F08481A8
:1035A0000E94100BE0912C04F0912D04309719F03B
:1035B00084810E94100BE0912E04F0912F0430972B
:1035C00021F060E084810E94170AE0913004F091BC
:1035D0003104309721F060E084810E94170AE09165
:1035E0003204F0913304309729F011A660E0848111
:1035F0000E94170A60E086E00E94170A88E492E0C1
:103600000E94820F8091500390915103A091520328
:10361000B0915303A7019601281B390B4A0B5B0B92
:10362000CA01B9010E94B418FF90EF90DF90CF90CB
:103630000C94BE18CF93DF930E94820FEC0186E8B2
:1036400092E00E9433188C0F9D1FDF91CF91089557
:10365000CF92DF92EF92FF92CF93DF93EC016A015A
:103660007B018CE590E10E94820FCE010E94820FC7
:1036700081E590E10E94820FC4E2D4E088AD0E940F
:10368000B71883E490E10E94820F8C899D89AE89EE
:10369000BF89A7019601281B390B4A0B5B0BCA0196
:1036A000B9010E94B41880E490E1DF91CF91FF90BE
:1036B000EF90DF90CF900C941A1BCF93C82F80937C
:1036C0007C0485E79FE00E94820F80917704082E9A
:1036D000000C990B0E9484188BE69FE00E94820FD9
:1036E00089E59FE0CC2311F082E69FE00E94820FE3
:1036F00088E69FE0CF910C941A1B0F931F93CF93F2
:103700008C01C62FFC0164838EEF9AE00E94820F29
:10371000F8018081082E000C990B0E94841884EF18
:103720009AE00E94820F82EE9AE0CC2311F08BEE99
:103730009AE00E94820F81EF9AE0CF911F910F9142
:103740000C941A1BEF92FF920F931F93CF93DF936A
:103750007C018B01EA0188EC9AE00E94820FC7018C
:103760000E94820F8CEB9AE00E94820FC8010E9497
:10377000820F80EB9AE00E94820FCE010E94820F9E
:103780008DEA9AE0DF91CF911F910F91FF90EF901A
:103790000C941A1B009711F00C94331890E080E001
:1037A00008950F931F93CF93DF93C0912404D0917A
:1037B0002504882321F0C0912604D0912704209766
:1037C00009F45BC0613009F452C008F44DC06230A6
:1037D00009F450C08EE891E10E94820F8C810E9412
:1037E000B71883E791E10E94820FC8010E94820FFF
:1037F0008EE591E10E94820F6A8D7B8D8C8D9D8D6F
:10380000009138041091390420913A0430913B041E
:10381000601B710B820B930B0E94B4188CE491E136
:103820000E94820F6E8D7F8D88A199A1009138042E
:103830001091390420913A0430913B04601B710BC4
:10384000820B930B0E94B4188BE391E10E94820FCC
:10385000CE010D960E94CA1B88E391E1DF91CF91C2
:103860001F910F910C941A1B01E311E1B3CF08E2F1
:1038700011E1B0CF00E211E1ADCFDF91CF911F9107
:103880000F91089590913C04992371F090913D041B
:1038900091110AC060914204882321F0813021F403
:1038A000609143040C94D11B0895CF93DF93EC01F6
:1038B0006E8383EF99E00E94820F8F8198850E942A
:1038C000CA1B8AEE99E00E94820F8C81082E000CA0
:1038D000990B0E94841880EE99E00E94820F8E81DD
:1038E00081110AC08EEC99E00E94820F8DED99E063
:1038F000DF91CF910C941A1B87ED99E0F5CF60E032
:103900008091290290912A020E94551C60E08091CA
:103910002B0290912C020E94551C60E080912D0298
:1039200090912E020E94551C60E080912F02909190
:1039300030020E94551C60E0809131029091320269
:103940000E94551C60E080913302909134020E94E5
:10395000551C60E080913502909136020E94551C02
:103960008091370290913802009719F060E00E9430
:10397000551C8091390290913A02009719F060E04D
:103980000C947D1B08951F93CF93DF93EC01162FAA
:103990008E81882321F060E0CE010E94551C8D812C
:1039A000813021F460E08C810E94170A1C836D81B4
:1039B000812F0E94450A8D81813021F460E08C8145
:1039C0000E94170A86E29AE00E94820F8F819885F2
:1039D0000E94CA1B8DE09AE00E94820F8C81082E03
:1039E000000C990B0E948418DF91CF911F910C94C9
:1039F000BE18CF93DF93EC010E94C31C8C810E9400
:103A0000EE0921E0892B09F420E02A878C810E94AD
:103A1000EE0921E0892B09F420E02B878C810E949C
:103A2000EE0921E0892B09F420E02C871D8A1E8AEB
:103A30001F8A188EDF91CF9108959F92AF92BF9207
:103A4000CF92DF92EF92FF920F931F93CF93DF936A
:103A50008A01452B09F468C0E9016B016596FC01F8
:103A60006081CE010E94EC11FC01BB24BA94892B29
:103A700009F0B5807601E894F7F8AA24A3946701C9
:103A8000C00ED11E99249394309709F44DC0AA20FA
:103A900009F43FC08481843069F0853049F1823077
:103AA00079F5DF010D900020E9F71197CD018E1B0C
:103AB0009F0B07C00190F081E02D90E080E03097EF
:103AC00081F79F77E816F90621F5D801AC15BD05F9
:103AD000E1F46B2DCE01DF91CF911F910F91FF90FB
:103AE000EF90DF90CF90BF90AF909F900C94EC112F
:103AF000A081B181FD01349613968C9190E0E2CFC4
:103B000090E080E0F0E0E0E0DDCF9D9181919817BA
:103B1000E9F2A9246B2DCE010E94EC11FC01892B46
:103B200009F4B2CFB580B0CF90E080E0DF91CF91C3
:103B30001F910F91FF90EF90DF90CF90BF90AF90CB
:103B40009F900895FC0120813181C9014A964281EC
:103B5000538164817581009759F0D9015E96EC918B
:103B6000E03211F090E080E0009711F00C941D1D00
:103B700090E080E00895CF930E94A21DFC01892B64
:103B800041F194819A30E1F040F4992311F196309B
:103B9000A9F0C1E08C2FCF9108959C3089F09E3020
:103BA000C1F7C1E020E030E0A9016081718182812C
:103BB00093810E94A4428111EDCF0BC0C081EACF56
:103BC000C1E080819181A281B381892B8A2B8B2BCB
:103BD00009F7C0E0DFCFCF92DF92EF92FF92CF9351
:103BE000DF9300D01F921F92CDB7DEB70E94A21DB7
:103BF000DC01892B09F446C01496EC911497E2502D
:103C0000ED3008F03FC0F0E08827E65FF14E8F4FBF
:103C10000C945945311E421E441E471E171E421E5B
:103C2000421E421E251E421E251E421E4B1ECC90C9
:103C30008C2D0F900F900F900F900F90DF91CF91E0
:103C4000FF90EF90DF90CF900895CD90DD90ED90B4
:103C5000FC908FEFC816D104E104F10449F340F35E
:103C600011C0CD010E945C143A834B835C836D8349
:103C7000CA80DB80EC80FD80223059F3233049F389
:103C8000213069F0C12CD4CF8D919C91EBCF8D91D7
:103C90009C910496E7CFCD90DD90ED90FC9020E0D4
:103CA00030E0A901C701B6010E94404587FDEACF77
:103CB00020E030E04FE753E4C701B6010E94A44280
:103CC000181604F3C701B6010E941145C62EB0CFE5
:103CD000CF92DF92EF92FF92CF93DF9300D01F92AB
:103CE0001F92CDB7DEB70E94A21DDC01892B09F41B
:103CF00033C01496EC911497E250ED3068F5F0E083
:103D00008827EA57F14E8F4F0C945945AF1EAC1ED1
:103D1000C11EC41E931EAC1EAC1EAC1EA21EAC1E49
:103D2000A21EAC1EC81E6C9170E0CB010F900F90CC
:103D30000F900F900F90DF91CF91FF90EF90DF9059
:103D4000CF9008958D919D910D90BC91A02DBC01B7
:103D50000097A140B10548F370E060E0E6CFCD01E7
:103D60000E945C143A834B835C836D83CA80DB8042
:103D7000EC80FD80223041F1233071F1213061F778
:103D80000BC08D919C91ECCF8D919C910496E8CFC6
:103D9000CD90DD90ED90FC9020E030E0A901C701CE
:103DA000B6010E94404587FDD7CF20E03FEF4FE7A7
:103DB00057E4C701B6010E94A44218166CF2C7016D
:103DC000B6010E941145B1CFC114D10481E0E806CB
:103DD000F10410F6B601A9CFC114D10421E0E20626
:103DE000F104C0F3B9CFCF92DF92EF92FF92CF935D
:103DF000DF9300D01F921F92CDB7DEB70E94A21DA5
:103E0000DC01892B09F44BC01496EC911497E25015
:103E1000ED3008F044C0F0E08827EE5EF04E8F4FA2
:103E20000C9459453E1F4F1F531F561F1F1F4F1FF6
:103E30004F1F4F1F2F1F4F1F341F4F1F5A1F6C91B3
:103E400070E090E080E00F900F900F900F900F9037
:103E5000DF91CF91FF90EF90DF90CF9008956D911B
:103E60007D918D919C91EFCF8D919D910D90BC9105
:103E7000A02DB7FD14C0BC01CD01E5CFCD010E943E
:103E80005C143A834B835C836D83CA80DB80EC8057
:103E9000FD80223059F1233059F1213079F060E072
:103EA00070E0CB01D0CF8D919C91E9CF8D919C9109
:103EB0000496E5CFCD90DD90ED90FC9020E030E0D1
:103EC000A901C701B6010E94404587FDE8CF2FEF49
:103ED0003FEF4FE75FE4C701B6010E94A442181606
:103EE000F4F2C701B6010E941145ADCFF7FCD7CF60
:103EF000C701B601A8CF8F929F92AF92BF92CF9287
:103F0000DF92EF92FF920F931F93CF93DF9300D036
:103F100000D0CDB7DEB749015A0167017801FB0136
:103F200001900020E9F73197E61BF70B9A8389830C
:103F30007C836B83ED838F2F8F778E83CE010196E9
:103F40000E94A21D0097B9F0FC0124812A3041F0A3
:103F50002C3089F480819181A281B381B7FD0BC09F
:103F6000CE0101960E94F31E86169706A806B90692
:103F700010F44B015C01C501B401C616D706E80672
:103F8000F90610F4C701B60126960FB6F894DEBF05
:103F90000FBECDBFDF91CF911F910F91FF90EF909A
:103FA000DF90CF90BF90AF909F908F900895CF9269
:103FB000DF92EF92FF92CF93DF9300D01F921F9278
:103FC000CDB7DEB70E94A21DDC01892B09F448C0E1
:103FD0001496EC911497E250ED3008F041C0F0E0F7
:103FE0008827EA50F04E8F4F0C94594533203020EB
:103FF000452048200320302030203020122030205F
:104000001F2030204C206C9170E0CB010F900F905E
:104010000F900F900F90DF91CF91FF90EF90DF9076
:10402000CF9008958D919D910D90BC91A02D8115FB
:1040300020E89207A105B10598F4BC01E6CF8D9167
:104040009D910D90BC91A02D6C017D0120E8D20EB8
:10405000E11CF11CC114D10421E0E206F10468F373
:1040600070E060E0D2CFCD010E945C143A834B83B4
:104070005C836D83CA80DB80EC80FD80223049F157
:10408000233099F1213061F70BC08D919C91ECCFD9
:104090008D919C910496E8CFCD90DD90ED90FC90B1
:1040A00020E030E040E057ECC701B6010E944045F7
:1040B00087FDD6CF20E03EEF4FEF56E4C701B601B3
:1040C0000E94A442181664F2C701B6010E940A4574
:1040D0009CCFD701C6019058AF4FBF4F0097A1406A
:1040E000B10508F0BDCFB60190CFC11480E8D80665
:1040F000E104F104C0F3B4CF0F931F93CF93DF9388
:10410000EC018B010E94A21DFC01892B29F0848106
:104110008A3051F08C30B9F0F80180819181DF91C3
:10412000CF911F910F91089580819181A281B381D8
:104130000097A140B10580F7CE01DF91CF911F918B
:104140000F910C94681E80819181A281B381B7FD8B
:10415000E3CF0097A140B105FCF6EECF4F925F92FE
:104160006F927F928F929F92AF92BF92CF92DF9287
:10417000EF92FF920E944C4220E137E240E050E093
:104180000E94C8436F5F7F4F8F4F9F4F90E080E04A
:104190000E94A9426B017C01812C912C540120E0EA
:1041A00030E040E050E4C701B6010E94404587FD81
:1041B00015C020E030E040E05FE3C701B6010E9497
:1041C0000A436B017C0128E132E741E35FE3C5016B
:1041D000B4010E942C444B015C01E1CF20E030E0AF
:1041E00040E85FE3C701B6010E942B446B017C01EC
:1041F00020E030E040E05FE30E940A43A70196011F
:104200000E940A439B01AC01C701B6010E942B44E6
:104210002B013C012FE93AEA4AEA5EE3C701B60105
:104220000E940A43A70196010E940A43A701960132
:104230000E940A439B01AC01C301B2010E942C44BD
:10424000A50194010E942C449B01AC016DE87DE521
:1042500083E191E40E942B44FF90EF90DF90CF9098
:10426000BF90AF909F908F907F906F905F904F9096
:104270000895BF92CF92DF92EF92FF920F931F9318
:10428000CF93DF93EC01198D1F3F81F0612F45968D
:104290000E94EC11FC018081898F309709F477C06E
:1042A00014828FEF8583BF01812F76C06C0135E0CA
:1042B000C30ED11CE880F9808F89882341F0C601A4
:1042C0000E947E12E62FF72F182F309749F71F898B
:1042D000988D191324C0103109F459C0110F6D893C
:1042E0007E89D701ED91FC91B4E01B9FA0011124C0
:1042F000C616D70609F044C00190F081E02DBA013E
:10430000C7011995009709F442C020E1F601DC01CC
:1043100001900D922A95E1F79E8B8D8B188F0D8958
:104320001E898F8921E0280F2F8BE4E08E9FC0012A
:104330001124080F191F90E1B92E203111F48FE0DC
:10434000B82EF6E0BF9EB0011124D701ED91FC918B
:104350000190F081E02DC7011995F80193838283C4
:10436000892B09F4B12CD801BC9211961C92012B17
:1043700071F0C6010E947E12E62FF72F182F8DCF05
:104380000480F581E02DC7011995009729F681E099
:104390008A8360E070E08FEFDF91CF911F910F91E2
:1043A000FF90EF90DF90CF90BF9008954F925F9273
:1043B0006F927F928F929F92AF92BF92CF92DF9235
:1043C000EF92FF920F931F93CF93DF9300D01F9232
:1043D0001F92CDB7DEB78C017B01B42E0E945C1218
:1043E0006C01892B09F048C0C8010E94181286365A
:1043F00009F4A9C124F5873229F08B3561F18232A5
:1044000009F0A8C1D80115961C921E921497129615
:104410008D919C911397892B39F48D919C910E94D9
:104420006C09F80193838283C8010E9431166C01E4
:10443000892B11F5B701C8010E9410171DC08437E0
:1044400009F460C18B3709F47BC08E3609F082C154
:1044500061EA72E060C180E4D70114968C931497EE
:10446000E114F10421F08FEF8C9311968C93B1102D
:104470001AC025E0C22ED12CC6010F900F900F90CC
:104480000F900F90DF91CF911F910F91FF90EF90C0
:10449000DF90CF90BF90AF909F908F907F906F9064
:1044A0005F904F900895F8011286C8010E945C1237
:1044B000009751F56DE5C8010E9428128111DCCFEB
:1044C000BA94D8011B966D907C90C3010E9439214B
:1044D000A82E4B01672B21F494E0C92ED12CCCCF10
:1044E000F70161816F3F91F0C30145960E94EC1185
:1044F000DC011596AC92F701A1824B2DB401C801E5
:104500000E94D621009739F06C01B6CFD7018C9369
:1045100011968C93F2CFC8010E945C120097A1F70C
:104520006DE5C8010E9428128111A6CF6CE2C80176
:104530000E9428128111C5CF83E0C82ED12C9CCFB8
:1045400080E2F7018483E114F10419F08FEF808396
:104550008183BB2009F48DCFD8011A961C92C80123
:104560000E945C12009781F66DE7C8010E94281234
:10457000811182CFBA94F8011582148282819381CD
:10458000892B49F4808191810E946C09D80113968E
:104590009C938E931297C8010E9418128732F9F0EB
:1045A0008232E9F0C8010E941812D82E0E94061229
:1045B000882311F2F80112866D2DC8010E9403169E
:1045C000C8010E941812D82E0E9406128111F2CF43
:1045D000D80112968D919C91892B41F47DCFC80111
:1045E0000E9431166C01892B09F046CFC8010E9448
:1045F0005C126C01892B09F03FCF6AE3C8010E946D
:104600002812882309F498CFD8011296ED91FC91D5
:10461000139714968D919C911597E80FF91F1482AA
:1046200014966D917C9115977F771B966D907C9079
:104630001C9712968D919C910496272F2F77BA2D57
:10464000B078AB2EA22AE894A7F89301AC017A2D9A
:10465000C7010E941D1D6C01009761F5C3010E94F6
:104660003921482E4B01672B09F436CFC3010E9434
:104670003921582E962FC92ED72EC114D10409F4F2
:104680002BCFF4015582D70111966C916F3F71F0D9
:10469000C30145960E94EC11FC014582D701119699
:1046A0005C92B401C8010E94101707C0F701408254
:1046B0005182F7CFB3010E94AD174B2DB601C8014F
:1046C0000E94D6216C01892B09F0D6CEC8010E9428
:1046D0005C126C01892B09F0CFCE6DE7C8010E94F6
:1046E00028128111C9CE6CE2C8010E9428128823C9
:1046F00009F422CFC8010E945C126C01892B09F4D5
:104700003ACFBACE86E0D70114968C93149781E005
:104710008C9366E972E0C8010F900F900F900F9094
:104720000F90DF91CF911F910F91FF90EF90DF904D
:10473000CF90BF90AF909F908F907F906F905F9041
:104740004F900C94391286E0F701848310826BE954
:1047500072E0E1CFC8010E9418124801FDE08F0EFF
:10476000911CB12C782CA92C803384F08A3384F4EA
:104770003FE3B316A9F0D8011A961C92B394F40142
:1047800081934F01C8010E941812EECF8B3281F342
:1047900093ED980F923060F3982F9F7D953441F3FD
:1047A0000B0D111DD8011D961C92872D9A2D0E946C
:1047B0005C143A834B835C836D838A819B81AC81DB
:1047C000BD812230A9F0233059F0213009F0B4CE58
:1047D0002EE0F701248380839183A283B3834CCEA0
:1047E0002AE0F701248380839183A283B38344CE9C
:1047F0002CE0F7CF2F923F924F925F926F927F9271
:104800008F929F92AF92BF92CF92DF92EF92FF92E0
:104810000F931F93CF93DF93CDB7DEB7C25FD1095C
:104820000FB6F894DEBF0FBECDBF6E012EECC20EE8
:10483000D11C86E292E0F601918380831282148279
:104840001382C6010596968B858B178A84E0808F2C
:104850008FEF818F168E878F9E012F5F3F4F7901DB
:1048600010E000E00E94DB0A60938B0370938C03DE
:1048700080938D0390938E0383E893E00E94DB0E78
:1048800097FD02C00C9458350E94DB0A80908B0380
:1048900090908C03A0908D03B0908E0368197909D5
:1048A0008A099B098090870390908803A0908903D0
:1048B000B0908A03681579058A059B05E8F20F37E1
:1048C000110561F483E893E00E94FD0E892B31F01D
:1048D00083E893E00E94DB0E0A97A1F7E1E0F0E0A5
:1048E000EC0FFD1FE00FF11F10820530110570F075
:1048F00045E050E066EA72E0CE0101960E9467470B
:10490000892B21F48DE29CE00C94E52CF60160816A
:104910007181C60105960E94AA12F60112820081D9
:104920001181F60183819481009751F0FC0120816F
:104930003181F60134832383B8010E94A317F1CF9C
:10494000168ECF57DF4FD982C882C158D040CD577D
:10495000DF4F19821882C358D040CB57DF4F1982DE
:104960001882C558D040C957DF4F1882C758D04069
:1049700021E030E02C0F3D1FC857DF4F39832883DB
:10498000C858D040C557DF4F1882CB58D040C457C5
:10499000DF4FD982C882CC58D0404AE0B601665E6B
:1049A0007F4FCE018F579F4F0E94D6218C01892BBC
:1049B00069F4C657DF4F8881CA58D040882331F048
:1049C000F601868D83FF02C003E010E0CD57DF4F74
:1049D00088819981C358D040009751F0CF57DF4F5D
:1049E000E881F981C158D040608171810E94A3178C
:1049F00001151105F1F086EB99E00E94820FF80194
:104A0000EE0FFF1FE45CF94F859194910E94820F95
:104A100083EB99E00E941A1B83E893E00E94FD0E4D
:104A2000181619060CF02CC483E893E00E94DB0EE4
:104A3000F3CFCF57DF4FD982C882C158D0408CEA1C
:104A400092E0CD57DF4F99838883C358D04083E0ED
:104A5000CB57DF4F8883C558D040CA57DF4F1881E6
:104A6000C658D04010781068CA57DF4F1883C65810
:104A7000D040CE018F579F4F0E94A21D009709F48E
:104A8000FFC3FC018481882309F4FAC31068CA5764
:104A9000DF4F1883C658D040CE018F579F4F0E94DA
:104AA000D71F8C01893DF1E09F0709F490C00CF0FD
:104AB00043C1883731E0930709F47FC40CF090C0FC
:104AC0008733914009F44AC3083381E018070CF09A
:104AD00047C00D3291E0190709F47DC294F560E0FA
:104AE0000C32F1E01F0709F477C20637F1E01F0727
:104AF00011F40C94092F0CF029C6023D110509F49C
:104B0000CDC70CF051C50936110511F40C9494333E
:104B10000CF0FEC40536110511F40C944F30063626
:104B2000110511F40C9488330436110509F031C4D1
:104B300080913C0481110E948E1A0E947F1C80E0AB
:104B4000B7C60F3221E0120709F4E4C260E0063371
:104B500031E0130751F680912F029091300240C24C
:104B6000033741E0140709F43EC23CF5093381E004
:104B7000180709F0BACF00912F02109130020E945D
:104B8000DB0AF801618B728B838B948B858496840E
:104B9000A784B088DC01CB01880D991DAA1DBB1D1F
:104BA000858B968BA78BB08F81E080A345EE55E077
:104BB0006BEE75E080EF95E0CEC2043791E0190707
:104BC00009F45FC20537E1E01E0709F08ECF0D370B
:104BD00031E01307A9F10E37114009F44FC250C359
:104BE0008139F1E09F0709F4DBC20CF067C08E3712
:104BF00031E0930709F4B4C20CF050C08D379140F6
:104C000009F073CFEE24EA94FE2C00E010E021E0DE
:104C100030E040E050E060EB72E0C6010E947B1F94
:104C20009B01AC01E0912F02F09130022187328785
:104C30004387548763E076E08DE096E00E94621A35
:104C4000CF57DF4FD982C882C158D04080EB92E065
:104C5000CD57DF4F99838883C358D04089E0CB5725
:104C6000DF4F8883C558D040CA57DF4F8881C65868
:104C7000D04080788068CA57DF4F8883C658D040BC
:104C8000CE018F579F4F0E94F31E60931C027093BA
:104C90001D0280931E0290931F02F0C1023881E032
:104CA000180709F49FC360E0003991E0190709F083
:104CB0001CCF809131029091320292C18B39E1E098
:104CC0009E0709F491C27CF4833921E0920709F42C
:104CD00069C260E08A39914009F007CF80913302C0
:104CE000909134027DC18D3941E0940709F49CC252
:104CF000883D914009F0F9CE10ECE12E17E2F12E3B
:104D000009E010E021E030E040E050E06AEB72E0C2
:104D1000C6010E947B1F9B01AC01E0913102F09122
:104D20003202218732874387548767ED75E080EE32
:104D300095E00E94621AA4C20F3982E0180709F4B4
:104D4000C5C20CF088C0053FE1E01E0709F48EC221
:104D500074F5023E21E0120709F448C2C4F40C3D88
:104D600041E0140709F0C1CE15E3E12EF12C00E07B
:104D700010E022E030E040E050E063EC72E0C60179
:104D80000E947B1F809131029091320228C3063E1F
:104D900051E0150709F439C360E0043F81E01807CA
:104DA00009F0A3CE809135029091360219C10835E1
:104DB00092E0190709F481C2C4F40034F2E01F073D
:104DC00009F093CE15E3E12EF12C00E010E022E093
:104DD00030E040E050E063EC72E0C6010E947B1FCF
:104DE0008091350290913602FAC2093522E012070D
:104DF00009F43EC20B3532E0130709F076CE00917C
:104E00003702109138020115110509F439C20E94C8
:104E1000DB0AAB01BC01F801458B568B678B708FA9
:104E200085859685A785B089840F951FA61FB71F16
:104E3000818F928FA38FB48FFF24F394F6A2C801C1
:104E40000E949710F801F0A646E955E06CE975E07C
:104E500081EA95E080C1043843E0140709F4A3C255
:104E60000CF075C0043A82E0180709F4E1C20CF0B6
:104E700054C0003AE2E01E0709F037CE10ECE12EF4
:104E800017E2F12E09E010E021E030E040E050E0D0
:104E90006AEB72E0C6010E947B1F9B01AC01E091AE
:104EA0003702F0913802309751F0258736874787CF
:104EB000508B67E775E080E895E00E94621ACF5753
:104EC000DF4FD982C882C158D0408AEB92E0CD57DB
:104ED000DF4F99838883C358D04088E0CB57DF4F9A
:104EE0008883C558D040CA57DF4F8881C658D04004
:104EF00080788068CA57DF4F8883C658D040CE017B
:104F00008F579F4F0E94F31E6093170270931802F1
:104F10008093190290931A02B3C1093AF2E01F0775
:104F200009F421C20A3A22E0120709F0DECDE0912D
:104F30003702F0913802309709F4A2C181E085A3CD
:104F40004AE455E066E575E08BE595E004C1003D77
:104F500033E0130709F486C2D4F4053853E015078B
:104F600009F410C2073883E0180709F0BECD80911C
:104F7000390290913A02009709F40BC20E94851001
:104F800044E355E06AE375E08FE395E0E4C0043361
:104F900094E0190709F4A0C20036E5E01E0709F005
:104FA000A4CD80912B0290912C02892B09F468C129
:104FB00015E3E12EF12C00E010E022E030E040E0CB
:104FC00050E063EC72E0C6010E947B1F80912B02CF
:104FD00090912C029AC261E080912D0290912E0254
:104FE0000E94551C4DC1EE24EA94FE2C00E010E016
:104FF00021E030E040E050E060EB72E0C6010E944A
:105000007B1F9B01AC01E0912D02F0912E022187C4
:105010003287438754876EE276E088E396E00E9409
:10502000621ACF57DF4FD982C882C158D04080EB77
:1050300092E0CD57DF4F99838883C358D04089E0F1
:10504000CB57DF4F8883C558D040CA57DF4F888180
:10505000C658D04080788068CA57DF4F8883C658CA
:10506000D040CE018F579F4F0E94F31E60932202C3
:105070007093230280932402909325020E94EF12E2
:10508000FFC010ECE12E17E2F12E09E010E021E064
:1050900030E040E050E06AEB72E0C6010E947B1F06
:1050A0009B01AC01E0912D02F0912E0225873687FD
:1050B0004787508B61E276E08AE296E00E94621AAE
:1050C000CF57DF4FD982C882C158D0408AEB92E0D7
:1050D000CD57DF4F99838883C358D04088E0CB57A2
:1050E000DF4F8883C558D040CA57DF4F8881C658E4
:1050F000D04080788068CA57DF4F8883C658D04038
:10510000CE018F579F4F0E94681E9093210280937B
:105110002002B4CF00912D0210912E020E94DB0AD2
:10512000F801618B728B838B948B85849684A78422
:10513000B088DC01CB01880D991DAA1DBB1D858B94
:10514000968BA78BB08F81E080A342E156E068E1A7
:1051500076E08DE196E00E94A21B92C061E0FBCC5C
:1051600010ECE12E17E2F12E09E010E021E030E032
:1051700040E050E06AEB72E0C6010E947B1F9B0199
:10518000AC01E0912F02F0913002258736874787E6
:10519000508B65EF75E08EEF95E00E94621A6ECF3E
:1051A00061E087CD00913102109132020E94DB0A4A
:1051B000F801658776878787908B81849284A384A2
:1051C000B484DC01CB01880D991DAA1DBB1D818B08
:1051D000928BA38BB48B81E0858B47EC55E06DEC13
:1051E00075E082ED95E0B7CF61E078CD10ECE12E6F
:1051F00017E2F12E09E010E021E030E040E050E05D
:105200006AEB72E0C6010E947B1F9B01AC01E0913A
:105210003302F0913402218732874387548768EB49
:1052200075E081EC95E085CD009133021091340258
:105230000E94DB0AF801658776878787908B8184D7
:105240009284A384B484DC01CB01880D991DAA1D2E
:10525000BB1D818B928BA38BB48B81E0858B47EA3E
:1052600055E06DEA75E082EB95E075CF61E09ACD8F
:10527000809137029091380261E0009709F0B0CE3A
:10528000C6010E941518CE50DF4F0FB6F894DEBF4E
:105290000FBECDBFDF91CF911F910F91FF90EF9087
:1052A000DF90CF90BF90AF909F908F907F906F9046
:1052B0005F904F903F902F9008958091370290918A
:1052C000380260E0009709F08BCEDACFEE24EA9442
:1052D000FE2C00E010E021E030E040E050E060EB28
:1052E00072E0C6010E947B1F9B01AC01E091370276
:1052F000F0913802309779F02115310541055105BB
:1053000021F0218732874387548766E875E080E97A
:1053100095E00E94621ACF57DF4FD982C882C158E8
:10532000D04080EB92E0CD57DF4F99838883C358FC
:10533000D04089E0CB57DF4F8883C558D040CA574B
:10534000DF4F8881C658D04080788068CA57DF4FC9
:105350008883C658D040CE018F579F4F0E94EB1DC7
:1053600080931B028DCFE0913702F0913802309785
:1053700009F486CF15A241E655E06CE675E081E7B9
:1053800095E0E9CE8091390290913A0261E0009770
:1053900089F48AE892E00E94820FC8010E94841872
:1053A00088E892E012C38091390290913A02009706
:1053B00081F360E00E947D1B63CF15E3E12EF12CA9
:1053C00000E010E022E030E040E050E063EC72E00A
:1053D000C6010E947B1F80912D0290912E020E9497
:1053E000C31C4ECF15E3E12EF12C00E010E022E0CB
:1053F00030E040E050E063EC72E0C6010E947B1FA9
:1054000080912F0290913002EACF15E3E12EF12C2A
:1054100000E010E022E030E040E050E063EC72E0B9
:10542000C6010E947B1F8091330290913402D7CF36
:105430008091370290913802892B09F421CF15E32E
:10544000E12EF12C00E010E022E030E040E050E0FE
:1054500063EC72E0C6010E947B1F8091370290913D
:105460003802BDCF8091390290913A02892B09F41C
:1054700090CF15E3E12EF12C00E010E022E030E0C7
:1054800040E050E063EC72E0C6010E947B1FF62E04
:105490000091390210913A02F8018585882331F094
:1054A00060E080810E94170AF8011586F801F082F9
:1054B00061E08F2D0E94450A60E0F80180810E9422
:1054C000170A80EF94E00E94820FF8018081082E75
:1054D000000C990B0C9405358091290290912A02B9
:1054E000892B09F4CDCE15E3E12EF12C00E010E07C
:1054F00022E030E040E050E063EC72E0C6010E9440
:105500007B1F8091290290912A020E94F91CB8CE3B
:105510000F3C110509F420C2BCF50E3C110509F041
:1055200038CFCF57DF4FD982C882C158D04087ECDF
:1055300092E0CD57DF4F99838883C358D0408BE0EA
:10554000CB57DF4F8883C558D040CA57DF4F88817B
:10555000C658D04080788068CA57DF4F8883C658C5
:10556000D040CE018F579F4F0E94EB1D182F809384
:1055700016020E94EF12212F30E050E040E06BE96C
:1055800079E088EA99E0D5CB003D110509F417C20E
:10559000013D110509F0FDCE80913C04882309F4FA
:1055A0004AC28FEA98E011C2073D110509F453C3BE
:1055B0000CF042C0043D110509F4E0C20CF4A6C28F
:1055C000053D110509F413C3063D110509F0E1CEAF
:1055D000CF57DF4FD982C882C158D04088EE92E0C1
:1055E000CD57DF4F99838883C358D04088E0CB578D
:1055F000DF4F8883C558D040CA57DF4F8881C658CF
:10560000D04080788068CA57DF4F8883C658D04022
:10561000CE018F579F4F0E94681E8C0190931302FA
:10562000809312020E94EF12980150E040E066EB76
:1056300077E085EC97E07DCB093D110509F477C350
:105640000CF43DC30A3D110509F4AAC30B3D110535
:1056500009F09FCE08EC10E0C251DF4F1983088398
:10566000CE5ED040CF57DF4FD982C882C158D040DC
:105670008AE093E0CD57DF4F99838883C358D040A9
:1056800088E0CB57DF4F8883C558D040CA57DF4FDB
:105690008881C658D04080788068CA57DF4F888399
:1056A000C658D040BE0162517F4FCE018F579F4FE9
:1056B0000E947C207C01C251DF4F19830883CE5E9B
:1056C000D040CF57DF4FD982C882C158D04083E144
:1056D00093E0CD57DF4F99838883C358D04089E04A
:1056E000CB57DF4F8883C558D040CA57DF4F8881DA
:1056F000C658D04080788068CA57DF4F8883C65824
:10570000D040BE0162517F4FCE018F579F4F0E9404
:105710007C208C0181E080933005F0923305E0928B
:1057200032051093350500933405970150E040E0B1
:1057300067E577E080E697E00E94621A980150E002
:1057400040E068E477E082E597E0F3CA073B32E0A7
:10575000130709F45AC40CF08AC0013A52E0150745
:1057600009F45DC40CF05CC0003891E0190709F43D
:105770009DC30138E1E01E0709F4E5C30737F1E0F6
:105780001F0709F006CEC251DF4F19821882CE5E84
:10579000D040CF57DF4FD982C882C158D04083E173
:1057A00093E0CD57DF4F99838883C358D04089E079
:1057B000CB57DF4F8883C558D040CA57DF4F888109
:1057C000C658D04080788068CA57DF4F8883C65853
:1057D000D040BE0162517F4FCE018F579F4F0E9434
:1057E0007C2090935503809354032091560330916D
:1057F000570341E02115310509F440E0409351057C
:105800003093540520935305909356058093550586
:105810009C0150E040E06DE277E087E397E089CAC1
:10582000043B22E0120709F4DCC374F4033B42E0BA
:10583000140709F0AECD1092360445EF56E06DEF37
:1058400076E08AE097E087CC053B52E0150709F443
:10585000D2C3063B82E0180709F09BCD10923704B3
:1058600045EA56E06CEA76E088EB96E074CC0E34BC
:1058700094E0190711F40C947934ECF4093EF3E048
:105880001F0709F465C04CF460E0083E33E01307DD
:1058900009F07FCD8EE795E0A3CB0C3444E01407EC
:1058A00009F44DC981E00D3454E0150709F071CDBC
:1058B0000E945D1BE5CC083984E0180711F40C94B4
:1058C000AE34CCF50F34E4E01E0709F062CDCF57BB
:1058D000DF4FD982C882C158D0408AEB92E0CD57C1
:1058E000DF4F99838883C358D04088E0CB57DF4F80
:1058F0008883C558D040CA57DF4F8881C658D040EA
:1059000080788068CA57DF4F8883C658D040CE0160
:105910008F579F4F0E94F31E9B01AC0120938A0476
:1059200030938B0440938C0450938D0468E476E0AC
:1059300081E596E0FEC90431F5E01F0759F061E00A
:10594000053125E0120709F024CD88E595E048CB24
:1059500061E0A0CF60E0F9CFCF57DF4FD982C88296
:10596000C158D04087EC92E0CD57DF4F99838883B0
:10597000C358D0408BE0CB57DF4F8883C558D04009
:10598000CA57DF4F8881C658D04080788068CA5790
:10599000DF4F8883C658D040CE018F579F4F0E945B
:1059A000EB1D182F809359030E94EF12212F30E036
:1059B00050E040E062E879E080E999E0BAC980917E
:1059C0003C04882329F085E299E00E941A1B58CCF8
:1059D000CF57DF4FD982C882C158D04083ED92E0C3
:1059E000CD57DF4F99838883C358D04085E0CB578C
:1059F000DF4F8883C558D040CA57DF4F8881C658CB
:105A0000D04080788068CA57DF4F8883C658D0401E
:105A1000CE018F579F4F0E94EB1D182F80931502C8
:105A20000E94EF12212F30E050E040E06CE079E07E
:105A30008AE199E07EC9CF57DF4FD982C882C15829
:105A4000D04083ED92E0CD57DF4F99838883C358D0
:105A5000D04085E0CB57DF4F8883C558D040CA5728
:105A6000DF4F8881C658D04080788068CA57DF4FA2
:105A70008883C658D040CE018F579F4F0E94EB1DA0
:105A8000182F809314020E94EF12212F30E050E073
:105A900040E065E978E084EA98E04BC9CF57DF4FF2
:105AA000D982C882C158D04080EB92E0CD57DF4FF9
:105AB00099838883C358D04089E0CB57DF4F8883D0
:105AC000C558D040CA57DF4F8881C658D04080782B
:105AD0008068CA57DF4F8883C658D040CE018F57A1
:105AE0009F4F0E94F31E4B015C0180922202909214
:105AF0002302A0922402B09225020E94EF12A50177
:105B000094016DE778E08AE898E013C9CF57DF4F3A
:105B1000D982C882C158D04080EB92E0CD57DF4F88
:105B200099838883C358D04089E0CB57DF4F88835F
:105B3000C558D040CA57DF4F8881C658D0408078BA
:105B40008068CA57DF4F8883C658D040CE018F5730
:105B50009F4F0E94F31E4B015C0180921C029092A9
:105B60001D02A0921E02B0921F020E94EF12A50118
:105B7000940164E678E082E798E0DBC880913C0419
:105B8000882319F082E098E020CFCF57DF4FD982E9
:105B9000C882C158D04089ED92E0CD57DF4F99833C
:105BA0008883C358D0408EE0CB57DF4F8883C558D9
:105BB000D040CA57DF4F8881C658D040807880686F
:105BC000CA57DF4F8883C658D040CE018F579F4FAA
:105BD0000E94BB1D182F809358030E94EF12412F83
:105BE00068EE77E087EF97E00E94391A49CBCF57EC
:105BF000DF4FD982C882C158D0408AEB92E0CD579E
:105C0000DF4F99838883C358D04088E0CB57DF4F5C
:105C10008883C558D040CA57DF4F8881C658D040C6
:105C200080788068CA57DF4F8883C658D040CE013D
:105C30008F579F4F0E94681E8C0190932102809382
:105C400020020E94EF12980150E040E060ED77E002
:105C50008DED97E06EC8CF57DF4FD982C882C1580B
:105C6000D0408AEB92E0CD57DF4F99838883C358A9
:105C7000D04088E0CB57DF4F8883C558D040CA5703
:105C8000DF4F8881C658D04080788068CA57DF4F80
:105C90008883C658D040CE018F579F4F0E94681E00
:105CA0008C0190931102809310020E94EF129801D0
:105CB00050E040E06FE977E08BEA97E03AC8CF57D1
:105CC000DF4FD982C882C158D04081EF92E0CD57D2
:105CD000DF4F99838883C358D04088E0CB57DF4F8C
:105CE0008883C558D040CA57DF4F8881C658D040F6
:105CF00080788068CA57DF4F8883C658D040CE016D
:105D00008F579F4F0E94F31E4B015C0180920C0243
:105D100090920D02A0920E02B0920F020E94EF121A
:105D2000A50194016BE877E084E997E002C8CF57BA
:105D3000DF4FD982C882C158D0408AEF92E0CD5758
:105D4000DF4F99838883C358D04087E0CB57DF4F1C
:105D50008883C558D040CA57DF4F8881C658D04085
:105D600080788068CA57DF4F8883C658D040CE01FC
:105D70008F579F4F0E94F31E4B015C0180920802D7
:105D800090920902A0920A02B0920B020E94EF12B6
:105D9000A501940168E777E080E897E00C949926E4
:105DA000CF57DF4FD982C882C158D04082E093E0FC
:105DB000CD57DF4F99838883C358D04087E0CB57B6
:105DC000DF4F8883C558D040CA57DF4F8881C658F7
:105DD000D04080788068CA57DF4F8883C658D0404B
:105DE000CE018F579F4F0E94F31E4B015C018092A2
:105DF000040290920502A0920602B09207020E944D
:105E0000EF12A501940165E677E08DE697E00C942A
:105E10009926C251DF4F19821882CE5ED040CF57EB
:105E2000DF4FD982C882C158D0408AE093E0CD5775
:105E3000DF4F99838883C358D04088E0CB57DF4F2A
:105E40008883C558D040CA57DF4F8881C658D04094
:105E500080788068CA57DF4F8883C658D040BE011B
:105E600062517F4FCE018F579F4F0E947C209093AD
:105E7000570380935603409154035091550321E0FA
:105E8000009709F420E020935105909354058093E6
:105E9000530550935605409355059C0150E040E052
:105EA0006BE377E084E497E00C949926C251DF4FCE
:105EB00019821882CE5ED040CF57DF4FD982C88278
:105EC000C158D0408AE093E0CD57DF4F9983888353
:105ED000C358D04088E0CB57DF4F8883C558D040A7
:105EE000CA57DF4F8881C658D04080788068CA572B
:105EF000DF4F8883C658D040BE0162517F4FCE012C
:105F00008F579F4F0E947C20909303028093020240
:105F1000409100025091010221E0009709F420E035
:105F200020933005909333058093320550933505C7
:105F3000409334059C0150E040E06FE177E088E257
:105F400097E00C949926C251DF4F19821882CE5ED9
:105F5000D040CF57DF4FD982C882C158D04083E1AB
:105F600093E0CD57DF4F99838883C358D04089E0B1
:105F7000CB57DF4F8883C558D040CA57DF4F888141
:105F8000C658D04080788068CA57DF4F8883C6588B
:105F9000D040BE0162517F4FCE018F579F4F0E946C
:105FA0007C209093010280930002209102023091A4
:105FB000030241E02115310509F440E0409330052A
:105FC0003093330520933205909335058093340543
:105FD0009C0150E040E060E177E08AE197E00C94BA
:105FE000992681E08093360449ED56E062EE76E032
:105FF0008FEE96E0B0C882E0809336044EEB56E018
:1060000066EC76E083ED96E0A6C881E080933704E5
:106010004FE856E063E976E08FE996E09CC8CF57F9
:10602000DF4FD982C882C158D0408DE193E0CD576F
:10603000DF4F99838883C358D04085E0CB57DF4F2B
:106040008883C558D040CA57DF4F8881C658D04092
:1060500080788068CA57DF4F8883C658D040CE0109
:106060008F579F4F0E94F31E9B01AC01213C87E29A
:10607000380789E04807510520F020EC37E249E075
:1060800050E02093B6043093B7044093B804509383
:10609000B9046DE776E089E896E00C9499260E94B1
:1060A000DB0A4B015C018092500390925103A09255
:1060B0005203B09253038EE894E00E9485108092C0
:1060C000380490923904A0923A04B0923B0481E0E3
:1060D00080933C0410923D0480914804A0912C04CC
:1060E000B0912D04E0912A04F0912B0430904404E7
:1060F00020904504882309F4B3C180E0109711F083
:1061000016968C91309709F4B0C1282F8681932D73
:10611000222309F4DEC4882309F4ABC1822D9093B5
:10612000440480934504890F80935D04813818F0FE
:1061300080E880935D0480915D048111A2C110927A
:106140005B0430924404209245048CEA94E00E945F
:106150001A1B8FE594E00E94820F809115020E9425
:10616000B7188CE494E00E94820F809114020E9480
:10617000B7188BE394E00E94820F809116020E9470
:10618000B71889E294E00E94820F809159030E941F
:10619000B71886E194E00E94820F8091580388230B
:1061A00009F4B3C284E493E00E94820F0E94BE18F7
:1061B00087EF93E00E94820F609122027091230288
:1061C00080912402909125020E94B41885EE93E0FC
:1061D0000E94820F60911C0270911D0280911E022C
:1061E00090911F020E94B41884ED93E00E94820FE8
:1061F000609120027091210290E080E04AE00E94CC
:10620000401881EC93E00E94820F6091120270911D
:10621000130290E080E04AE00E9440188EEA93E08A
:106220000E94820F609110027091110290E080E054
:106230004AE00E94401881EA93E00E94820F609138
:106240000C0270910D0280910E0290910F020E943B
:10625000B41885E993E00E94820F60910802709162
:10626000090280910A0290910B020E94B41889E8F9
:1062700093E00E94820F6091040270910502809168
:106280000602909107020E94B4180E94BE18E09086
:106290002002F090210210E000E0209122023091D3
:1062A0002302409124025091250260913D0585E82A
:1062B00093E00E94F419E0902305F09024050091EA
:1062C00025051091260520911C0230911D02409158
:1062D0001E0250911F0260911C0580E893E00E940D
:1062E000F4192091090530910A0540910B05509150
:1062F0000C05609106058BE793E00E94C51920917B
:10630000F3043091F4044091F5045091F604609147
:10631000F00485E793E00E94C519E0901702F09021
:1063200018020091190210911A0220911B0230E00C
:1063300050E040E06091AB048FE693E00E94F419D6
:106340006091D5048AE693E00E94A81960919204B6
:106350008FE593E00E94A819E0908A04F0908B04E6
:1063600000918C0410918D04209186043091870453
:10637000409188045091890460917C048BE593E0FE
:106380000E94F41940918E056091840582E593E0A6
:106390000E947C194091680560915E0589E493E054
:1063A0000E947C198091500390915103A091520357
:1063B000B0915303E0912902F0912A0280839183E6
:1063C000A283B383E0912B02F0912C02808391830E
:1063D000A283B383E0912D02F0912E0280839183FA
:1063E000A283B383E0912F02F091300280839183E6
:1063F000A283B383E0913102F091320280839183D2
:10640000A283B383E0913302F091340280839183BD
:10641000A283B383E0913502F091360280839183A9
:10642000A283B383E0913702F0913802309721F0D4
:1064300080839183A283B383E0913902F0913A0281
:10644000309721F081879287A387B4878093810456
:1064500090938204A0938304B09384040C94402905
:10646000309709F08681109731F4932D882309F431
:1064700032C380E054CE282F16968C9148CE90E0FF
:106480004DCE80917B00877F80937B0080E480935A
:106490007C0080917A00806480937A0080917A00F9
:1064A00086FDFCCF0091780010917900012E000C40
:1064B000220B330BC501B401602771278227932774
:1064C00080169106A206B30611F00E949B4200912D
:1064D000440410914504100F113850F0E0E80E9F6D
:1064E000C0011124612F70E00E944545062F10E87D
:1064F000F2E3C051DF4FF883C05FD040E7E6F4E03D
:1065000020E111922A95E9F7802F8117A0F4E82F56
:10651000E695E695E695F0E0E959FB4F982F9770E0
:1065200021E030E001C0220F9A95EAF79081922B8A
:1065300090838F5FEACFFF24FA94F10E4F2C512CF9
:10654000712C612C3FEF431A530A630A730AFF2030
:1065500009F45EC00E944C42A30192010E94C8430C
:10656000E62ECE50DF4F6883C25FD0408F2D0E9451
:106570001209CF50DF4F8883C15FD0408E2D0E941B
:106580001209F7FC16C0EF2DE695E695E695F0E0CA
:10659000E959FB4F90812F2D277041E050E002C058
:1065A000440F551F2A95E2F79A01882359F1292BA8
:1065B0002083CE50DF4F5881C25FD04057FD1BC0B3
:1065C000EE2DE695E695E695F0E0E959FB4F208142
:1065D0009E2D977041E050E002C0440F551F9A95E0
:1065E000E2F7CA01CF50DF4F5881C15FD040552339
:1065F00061F0822B8083FA9481E0481A5108610887
:106600007108A5CF20952923D3CF80958223F2CF7F
:10661000FF24F394EE24E39477247394F11698F412
:106620008F2D0E941209682E8FEF8F0D0E94120984
:10663000681206C0E3947E1408F47E2CF394EECF27
:10664000EE24E394FBCF93E0971568F4C051DF4F3D
:10665000E881C05FD040E150C051DF4FE883C05FA8
:10666000D040E1114BCF3092440420924504109267
:106670005C040E94AE202B013C0160914F0470919C
:10668000500480915104909152040E94A942A301A8
:1066900092010E940A430E941145009153041091F7
:1066A00054042091550430915604601771078207F5
:1066B000930778F0009157041091580420915904E1
:1066C00030915A04601771078207930710F48B0109
:1066D0009C01009363041093640420936504309339
:1066E000660481E080935B0480925F049092600472
:1066F000A0926104B0926204E0913204F0913304FC
:10670000309709F422CD81A720CD8EE393E04CCDC4
:1067100080913C0481110C9482240E947F1C80E0B3
:106720000E945D1B0C948224CF57DF4FD982C88210
:10673000C158D04083E293E0CD57DF4F99838883DF
:10674000C358D04086E0CB57DF4F8883C558D04030
:10675000CA57DF4F8881C658D04080788068CA57B2
:10676000DF4F8883C658D040CE018F579F4F0E947D
:10677000A21D009709F461C0FC018481863009F0F4
:106780005CC0CE018F579F4F0E94BB1D182F0E94E7
:10679000DB0A4B015C0180913C04882309F4A6C00C
:1067A000112309F44CC081E080933D0480923E04A3
:1067B00090923F04A0924004B0924104E0912A04D8
:1067C000F0912B04309719F084810E94100BE09116
:1067D0002C04F0912D04309719F084810E94100B45
:1067E000E0913204F0913304309721F060E084812D
:1067F0000E94170A809192048823C9F08091A00416
:10680000811115C08EE894E00E9485108092A10449
:106810009092A204A092A304B092A40481E0809379
:10682000A004F89410929004109291047894412F4F
:1068300063E676E082E796E0D7C910E0A8CF8091C2
:106840005F0490916004A0916104B0916204409152
:106850003E0450913F046091400470914104841BB8
:10686000950BA60BB70B880D991DAA1DBB1D809318
:106870005F0490936004A0936104B093620410924B
:106880003D0480919204882391F28091A004882392
:1068900071F2F89460919704709198048091990432
:1068A00090919A044090A1045090A2046090A30497
:1068B0007090A4046419750986099709860E971EBD
:1068C000A81EB91E8092970490929804A0929904F1
:1068D000B0929A04109290041092910478941092BD
:1068E000A0048EE894E00E948510A1CF112349F204
:1068F00081CFCF57DF4FD982C882C158D04080EBBB
:1069000092E0CD57DF4F99838883C358D04089E008
:10691000CB57DF4F8883C558D040CA57DF4F888197
:10692000C658D04080788068CA57DF4F8883C658E1
:10693000D040CE018F579F4F0E94F31E9B01AC01A8
:1069400020938604309387044093880450938904ED
:1069500065E576E08FE596E00C949926CF57DF4FFA
:10696000D982C882C158D04083EC92E0CD57DF4F26
:1069700099838883C358D04083E0CB57DF4F888307
:10698000C558D040CA57DF4F8881C658D04080785C
:106990008068CA57DF4F8883C658D040CE018F57D2
:1069A0009F4F0E94A21DFC01892B29F084818A300F
:1069B00029F08C3081F10BE010E018C080819181CA
:1069C000A281B38181159048A105B105A0F7CE0140
:1069D0008F579F4F0E94D71F8C018038910514F06C
:1069E0000FE710E017FF02C010E000E0502F802FEB
:1069F00096EF900F9430D8F09EEC900F9430B8F052
:106A00008EEF92E00E94820FC8010E9484180E94BB
:106A1000BE180C94402980819181A281B381905845
:106A2000AF4FBF4F0097A140B10528F6D0CFF894E3
:106A300040916B009091770426EF290F243038F5B0
:106A4000965021E030E001C0220F9A95EAF7209598
:106A5000242320936B005093770462E00E94450A40
:106A6000809177040E94EE0921E0019709F020E06F
:106A70002093850410927B040E942B0978948FEB5D
:106A800092E00E94820F809177040C94672A27EF8E
:106A90009233F1F22BEF9333D9F22DEF9433C1F20D
:106AA00022EC290F283010F4922FCBCF2EEFD0CF2D
:106AB0008A30910511F40C945F24F70181937F01D2
:106AC0000F5F1F4F0F37110511F00C9432240C94F7
:106AD0005F248111D4CC109244041092450410928A
:106AE0005D0429CBCB01BA010C948646CB010C94F2
:106AF000FD45CB010C9461451F920F920FB60F928A
:106B000011242F933F938F939F93AF93BF938091C3
:106B10007B0390917C03A0917D03B0917E03309123
:106B20007A0323E0230F2D3758F50196A11DB11DDF
:106B300020937A0380937B0390937C03A0937D033F
:106B4000B0937E0380917F0390918003A091810395
:106B5000B09182030196A11DB11D80937F03909394
:106B60008003A0938103B0938203BF91AF919F9163
:106B70008F913F912F910F900FBE0F901F901895FE
:106B800026E8230F0296A11DB11DD2CF1F920F92AE
:106B90000FB60F9211240BB60F922F933F934F9382
:106BA0005F936F937F938F939F93AF93BF93EF9375
:106BB000FF93E0914B02F0914C021995FF91EF91F8
:106BC000BF91AF919F918F917F916F915F914F9105
:106BD0003F912F910F900BBE0F900FBE0F901F9003
:106BE00018951F920F920FB60F9211240BB60F92A9
:106BF0002F933F934F935F936F937F938F939F93C5
:106C0000AF93BF93EF93FF93E0914902F0914A0253
:106C10001995FF91EF91BF91AF919F918F917F91C6
:106C20006F915F914F913F912F910F900BBE0F90FD
:106C30000FBE0F901F9018951F920F920FB60F92D4
:106C400011240BB60F922F933F934F935F936F9343
:106C50007F938F939F93AF93BF93EF93FF93E091B5
:106C60003F02F09140021995FF91EF91BF91AF91D2
:106C70009F918F917F916F915F914F913F912F9154
:106C80000F900BBE0F900FBE0F901F9018951F9284
:106C90000F920FB60F9211240BB60F922F933F93C2
:106CA0004F935F936F937F938F939F93AF93BF9314
:106CB000EF93FF93E0913D02F0913E021995FF9111
:106CC000EF91BF91AF919F918F917F916F915F9164
:106CD0004F913F912F910F900BBE0F900FBE0F90D1
:106CE0001F9018951F920F920FB60F9211240BB69A
:106CF0000F922F933F934F935F936F937F938F9355
:106D00009F93AF93BF93EF93FF93E0914702F0916E
:106D100048021995FF91EF91BF91AF919F918F918B
:106D20007F916F915F914F913F912F910F900BBE8B
:106D30000F900FBE0F901F9018951F920F920FB6D5
:106D40000F9211240BB60F922F933F934F935F93A3
:106D50006F937F938F939F93AF93BF93EF93FF9323
:106D6000E0914502F09146021995FF91EF91BF9194
:106D7000AF919F918F917F916F915F914F913F91D3
:106D80002F910F900BBE0F900FBE0F901F90189574
:106D90001F920F920FB60F9211240BB60F922F93E2
:106DA0003F934F935F936F937F938F939F93AF9393
:106DB000BF93EF93FF93E0914302F0914402199542
:106DC000FF91EF91BF91AF919F918F917F916F91C3
:106DD0005F914F913F912F910F900BBE0F900FBE7F
:106DE0000F901F9018951F920F920FB60F921124BB
:106DF0000BB60F922F933F934F935F936F937F93B5
:106E00008F939F93AF93BF93EF93FF93E0914102D2
:106E1000F09142021995FF91EF91BF91AF919F912F
:106E20008F917F916F915F914F913F912F910F9033
:106E30000BBE0F900FBE0F901F9018951F920F92D0
:106E40000FB60F9211240BB60F922F933F934F93CF
:106E50005F936F937F938F939F93AF93BF93EF93C2
:106E6000FF938091760390917703A0917803B0917E
:106E70007903892B8A2B8B2BE1F190917503E0919B
:106E80007303F09174038081892780838091760356
:106E900090917703A0917803B091790318161906A1
:106EA0001A061B069CF48091760390917703A091BB
:106EB0007803B09179030197A109B1098093760312
:106EC00090937703A0937803B0937903FF91EF91A8
:106ED000BF91AF919F918F917F916F915F914F91F2
:106EE0003F912F910F900BBE0F900FBE0F901F90F0
:106EF0001895809128020E94100BE8CF1F920F92E4
:106F00000FB60F9211240BB60F922F933F934F930E
:106F10005F936F937F938F939F93AF93BF93EF9301
:106F2000FF9383E893E00E94130FFF91EF91BF91CD
:106F3000AF919F918F917F916F915F914F913F9111
:106F40002F910F900BBE0F900FBE0F901F901895B2
:106F50001F920F920FB60F9211240BB60F922F9320
:106F60008F939F93EF93FF93E0919303F09194039A
:106F70008081E0919903F0919A0382FD1DC0908178
:106F800080919C038F5F8F7320919D03821741F046
:106F9000E0919C03F0E0ED57FC4F958F80939C03AC
:106FA000FF91EF919F918F912F910F900BBE0F90BA
:106FB0000FBE0F901F9018958081F2CF1F920F92F5
:106FC0000FB60F9211240BB60F92CF92DF92EF9271
:106FD000FF921F932F933F934F935F936F937F93F2
:106FE0008F939F93AF93BF93CF93DF93EF93FF93D1
:106FF000C0912004D0912104209749F0E981FA81C1
:1070000080819B81892311E0E1F410E01E87FF91CC
:10701000EF91DF91CF91BF91AF919F918F917F9130
:107020006F915F914F913F912F911F91FF90EF9042
:10703000DF90CF900F900BBE0F900FBE0F901F9060
:1070400018958E858111E2CF1C830E94DB0ACA84C9
:10705000DB84EC84FD846C197D098E099F096E83A5
:107060007F8388879987D2CFEF92FF920F931F93E8
:10707000CF93DF93EC01162F7A01022F6C8382E00D
:107080008D8389E892E098878F831E821882198207
:107090001A821B8262E0812F0E94450A098742E022
:1070A00050E0B701CE010D960E947D471F86812FCB
:1070B0000E94EE0921E0892B09F420E02A87812F24
:1070C0000E94EE0921E0892B09F420E02B87812F13
:1070D0000E94EE0921E0892B09F420E02C87188A10
:1070E000198A1A8A1B8A1C8A1D8A1E8A1F8A188E70
:1070F00084E1898F1A8E1B8E1C8E1D8E1E8E1F8E14
:1071000018A219A21BA21AA21DA21CA2DF91CF9144
:107110001F910F91FF90EF9008953F924F925F92D1
:107120006F927F928F929F92AF92BF92CF92DF9297
:10713000EF92FF920F931F93CF93DF9310928603EA
:107140001092850388EE93E0A0E0B0E0809387037F
:1071500090938803A0938903B0938A0385E692E015
:10716000909384038093830385EC90E09093900345
:1071700080938F0384EC90E090939203809391032B
:1071800080EC90E0909394038093930381EC90E0E3
:10719000909396038093950382EC90E090939803EC
:1071A0008093970386EC90E090939A0380939903E1
:1071B00010929C0310929D0310929E0310929F03C5
:1071C00020E04AE253E06AE08EE795E00E9434381E
:1071D00021E04DE253E06DE088E595E00E9434380F
:1071E00083E080933B053324339430923C0500E3E5
:1071F00013E010933F0500933E0510923D05109259
:107200003705109238051092390510923A0561E061
:107210000E94450A60E083E00E94170A20E4422EA3
:107220002FE1522E612C712C409240055092410565
:10723000609242057092430530EDC32E37E0D32EA5
:10724000E12CF12CC0924405D0924505E092460510
:10725000F092470588248A94982C5401809248051E
:1072600090924905A0924A05B0924B0510924C05A8
:1072700010924D0510924E0510924F051092500538
:107280001092510510925205C8ECD0E0D0935405ED
:10729000C0935305D0935605C093550510925705DA
:1072A00087E080931A0530921B0510931E0500930A
:1072B0001D0510921C0510921605109217051092CC
:1072C00018051092190561E00E94450A60E087E008
:1072D0000E94170A40921F055092200560922105D6
:1072E00070922205C0922305D0922405E0922505D4
:1072F000F09226058092270590922805A0922905F4
:10730000B0922A0510922B0510922C0510922D0593
:1073100010922E0510922F05109230051092310513
:10732000D0933305C0933205D0933505C09334050F
:107330001092360584E08093040530920505C4E37D
:10734000D3E0D0930805C09307051092060510926C
:10735000000510920105109202051092030561E0EC
:107360000E94450A60E084E00E94170AC092090565
:10737000D0920A05E0920B05F0920C0510920D05D3
:1073800010920E0510920F05109210051092110523
:107390001092120510921305109214051092150503
:1073A00088E08093EE043092EF04D093F204C0930F
:1073B000F1041092F0041092EA041092EB0410927F
:1073C000EC041092ED0461E00E94450A60E088E060
:1073D0000E94170AC092F304D092F404E092F504DC
:1073E000F092F6041092F7041092F8041092F90447
:1073F0001092FA041092FB041092FC041092FD0407
:107400001092FE041092FF0485E08093D30482E082
:107410008093D40489E393E09093D7048093D604B7
:107420001092D5041092CF041092D0041092D1047F
:107430001092D20462E085E00E94450A85E00E9435
:10744000EE0921E0892B09F420E02093D80485E09F
:107450000E94EE0921E0892B09F420E02093D90451
:1074600085E00E94EE0921E0892B09F420E02093B9
:10747000DA041092DB041092DC041092DD04109206
:10748000DE0484E18093DF041092E0041092E104B2
:107490001092E2041092E3041092E4041092E504C6
:1074A0001092E6041092E7041092E9041092E804A6
:1074B00086E08093A90481E08093AA0486E493E0A7
:1074C0009093AD048093AC041092AB041092A50489
:1074D0001092A6041092A7041092A80461E086E01E
:1074E0000E94450A60E086E00E94170A88E290E068
:1074F000A0E0B0E08093AE049093AF04A093B004FA
:10750000B093B10488E893E1A0E0B0E08093B204C6
:107510009093B304A093B404B093B5041092B6044E
:107520001092B7041092B8041092B9041092BA04E1
:107530001092BB041092BC041092BD041092BE04C1
:107540001092BF041092C0041092C1041092C204A1
:107550001092C3041092C4041092C5041092C60481
:107560001092C7041092C8041092C9041092CA0461
:107570001092CB041092CC041092CD041092CE0441
:1075800089E080938E0482E080938F0461E089E03B
:107590000E94450A62E080918F040E94450A909102
:1075A0008F04923009F02DC187EE9AE090933E024D
:1075B00080933D0280916A00836080936A00EC9A18
:1075C00010929004109291041092920410929304DD
:1075D00010929404109295041092960410929704BD
:1075E000109298041092990410929A0410929B049D
:1075F00010929C0410929D0410929E0410929F047D
:107600001092A0041092A1041092A2041092A3045C
:107610001092A4048EE894E09093230480932204B3
:107620008BE08093770462E00E94450A10927B040D
:1076300010927C0410927D0410927E0410927F04BC
:10764000109280041092810410928204109283049C
:1076500010928404809177040E94EE0921E0019742
:1076600009F020E02093850410928604109287048C
:10767000109288041092890410928A0410928B044C
:1076800010928C0410928D0487E794E0909321046B
:10769000809320040E942B09109225041092240448
:1076A00010922704109226041092290410922804A4
:1076B00010922B0410922A0410922D0410922C0484
:1076C00010922F0410922E04109231041092300464
:1076D0001092330410923204109235041092340444
:1076E00082E080933604109237041092380410928E
:1076F000390410923A0410923B0410923C04109208
:107700003D0410923E0410923F04109240041092E7
:10771000410481E0809342048093430482E3809398
:1077200044048093450484E6809346041092470401
:107730001092480480ED97E090934A0480934904A6
:1077400088EE93E090934C0480934B0488EB9BE08D
:1077500090934E0480934D0480E395E7A0E0B0E061
:1077600080934F0490935004A0935104B09352041B
:1077700080E197E2A0E0B0E080935304909354043A
:10778000A0935504B093560480E99FE5A1E0B0E0D2
:107790008093570490935804A0935904B0935A04CB
:1077A00010925B0410925C0410925D0410925E04CF
:1077B00010925F04109260041092610410926204AF
:1077C000109263041092640410926504109266048F
:1077D000E7E6F4E080E1DF011D928A95E9F7DF91A9
:1077E000CF911F910F91FF90EF90DF90CF90BF90BE
:1077F000AF909F908F907F906F905F904F903F9051
:107800000895933069F487EE9AE090934002809354
:107810003F0280916A008C6080936A00ED9AD0CE1E
:107820008EEE890F843008F0CBCE87E1891BE82FDC
:10783000F0E0EE0FFF1FE35CFD4F27EE3AE03183EF
:107840002083843091F08530B9F0833039F0809115
:107850006900836080936900E89AB2CE80916900E4
:107860008C6080936900E99AABCE80916900806357
:1078700080936900EA9AA4CE80916900806C80931D
:107880006900EB9A9DCE789484B5826084BD84B5FE
:10789000816084BD85B5826085BD85B5816085BD0B
:1078A00080916E00816080936E00109281008091C3
:1078B000810082608093810080918100816080934B
:1078C0008100809180008160809380008091B10070
:1078D00084608093B1008091B00081608093B0009B
:1078E00080919100826080939100809191008160ED
:1078F00080939100809190008160809390008091AE
:10790000A10082608093A1008091A100816080939A
:10791000A1008091A00081608093A000809121014E
:1079200082608093210180912101816080932101F7
:107930008091200181608093200180917A00846091
:1079400080937A0080917A00826080937A0080919F
:107950007A00816080937A0080917A0080688093B9
:107960007A001092C1000E94A60AE0919303F09160
:10797000940382E08083E0918F03F0919003108262
:10798000E0919103F091920380E1808310929B0338
:10799000E0919703F091980386E08083E09195034E
:1079A000F0919603808180618083E0919503F0914E
:1079B0009603808188608083E0919503F09196031F
:1079C000808180688083E0919503F09196038081A7
:1079D0008F7D808384E690E0A0E0B0E08093870311
:1079E00090938803A0938903B0938A030E94A60A08
:1079F00083E893E00E94FD0E892B29F083E893E051
:107A00000E94DB0EF5CFC4EFD1E024E630E040E089
:107A100050E0BE0180913B050E94550B0E94A60AD2
:107A200080913B050E94100BCC50DE4FC03D07E01B
:107A3000D00759F78EE795E09093250480932404AE
:107A400088E595E090932704809326048FEC94E0DA
:107A5000909329048093280487E395E090932B0466
:107A600080932A0486E195E090932D0480932C0462
:107A700080E095E090932F0480932E048AEE94E0AA
:107A8000909331048093300485EA94E0909333041A
:107A9000809332048EE894E090933504809334040C
:107AA0002AE334E13093A1052093A00582E49CE110
:107AB0009093A3058093A20530937B0520937A05CC
:107AC00090937D0580937C0581E080938E05809363
:107AD00068050E94EF128DE29CE00E941A1B88E16B
:107AE00099E20FB6F894A895809360000FBE90932A
:107AF000600083E0382E94E0292E24E6422E512C9B
:107B0000612C712CA8950E94DB0A6B017C0180918D
:107B10008405882331F0B701A6018EE795E00E9425
:107B2000EE0F80915E05882331F0B701A60188E54C
:107B300095E00E94EE0F8091D504882309F44BC094
:107B40008091D3040E94EE09C1E0892B09F4C0E0C2
:107B50008091D904C81741F0C092DB04D092DC04B4
:107B6000E092DD04F092DE048091DB049091DC046D
:107B7000A091DD04B091DE04B701A601481B590BAA
:107B80006A0B7B0B8091DF0490E0B0E0A0E08417EB
:107B90009507A607B707E8F48091DA04C817C9F07B
:107BA000C093DA048091D804C81709F472C1C09256
:107BB000E004D092E104E092E204F092E304E09168
:107BC000E804F091E904309721F0B701A60182E0C2
:107BD0001995C093D90480913C04882301F18091C8
:107BE0003D0481111CC080915B048823C1F0409149
:107BF0005F04509160046091610470916204970188
:107C00008601041B150B260B370BB901A801823026
:107C100009F4E3C208F091C1813009F4B3C1809145
:107C20002A0490912B04009721F0B701A6010E942D
:107C3000691180912C0490912D04009721F0B701D7
:107C4000A6010E94691180912E0490912F04009743
:107C500021F0B701A6010E9440108091300490915C
:107C60003104009721F0B701A6010E944010C09195
:107C70003204D0913304209709F472C08E818111AF
:107C800004C088A5882309F4ADC39DA1913009F0F3
:107C900062C088A581115FC089A5882309F4AAC3A1
:107CA000498D5A8D6B8D7C8D97018601041B150BB8
:107CB000260B370BB901A80177FD4DC0CD8ADE8AAE
:107CC000EF8AF88E4D855E856F8578894C0D5D1D38
:107CD0006E1D7F1D498F5A8F6B8F7C8F8EA18927D8
:107CE0008EA38823C1F188819981AA81BB81892BC8
:107CF0008A2B8B2B81F18DE39DE00E94820F8C817A
:107D0000082E000C990B0E9484188AE19DE00E94C5
:107D1000820F6D897E898F89988D088119812A81CA
:107D20003B81601B710B820B930B0E94B41888E09F
:107D30009DE00E94820F698D7A8D8B8D9C8D0881CC
:107D400019812A813B81601B710B820B930B0E946E
:107D5000B4180E94BE18B701A601CE010E94E91016
:107D600080913C04882359F080915B04811107C005
:107D70000E948E1A0E947F1C80E00E945D1B8091F1
:107D800092048823A1F18091A004811130C08091D8
:107D90009004882361F1F8941092900480909304E9
:107DA00090909404A0909504B0909604C091910492
:107DB0001092910478948CE69EE00E94820F80914C
:107DC0008F04082E000C990B0E9484188AE49EE010
:107DD0000E94820FC501B4010E94B4188FE39EE097
:107DE0000E94820F8C2F0E94B7180E94BE188091AB
:107DF0009B048823C9F080919C0490919D04A091DC
:107E00009E04B0919F04C81AD90AEA0AFB0A12E339
:107E1000C116D104E104F10438F060E080918E04D1
:107E20000E94170A10929B0480917C04882329F1F8
:107E300080917B04882309F1F89410927B04C09010
:107E40007D04D0907E04E0907F04F09080047894CC
:107E50008AEB9EE00E94820F80917704082E000C2E
:107E6000990B0E94841888E99EE00E94820FC70146
:107E7000B6010E94B4180E94BE1883E893E00E94E5
:107E8000FD0E1816190614F40E94FA230E94BD0F65
:107E900039CEC092E404D092E504E092E604F09278
:107EA000E7048EEE9CE00E94820F8091D6049091B0
:107EB000D7040E94CA1B85EE9CE00E94820F80912D
:107EC000D304082E000C990B0E94841882EC9CE0CD
:107ED0000E94820F6091E0047091E1048091E204BD
:107EE0009091E3040091CF041091D0042091D1042B
:107EF0003091D204601B710B820B930B0E94B4185B
:107F000080EB9CE00E94820F6091E4047091E50494
:107F10008091E6049091E7040091CF041091D00481
:107F20002091D1043091D204601B710B820B930B12
:107F30000E94B4180E94BE184CCE833009F462C16E
:107F4000843009F06CCE80914D0490914E04B0E0E5
:107F5000A0E0481759076A077B0708F460CE8091B4
:107F60005C048F5F80935C0490915D04891708F432
:107F7000FDC1B701A6018FEF9DE00E94281B109262
:107F80005B044DCE8091630490916404A0916504DC
:107F9000B0916604481759076A077B0708F43FCE7B
:107FA00080915C040E941209C82FD091470481116E
:107FB00002C0D09146040E944C42A30192010E944B
:107FC000C84381E06D1708F080E080935E04E09183
:107FD0002A04F0912B04309719F084810E94100B31
:107FE000E0912C04F0912D04309719F084810E94C7
:107FF000100B80914804C81709F490C0E0912C043C
:10800000F0912D0484E0309729F19681992311F1A4
:108010002091490430914A04C18AD28AE38AF48AC1
:10802000B701A601420F531F611D711D458B568B71
:10803000678B708F2091490430914A04B701A601E3
:10804000420F531F611D711D8A019B01B701A601DB
:108050000E94CF18E0913204F0913304309709F474
:1080600067C08681882309F463C085A1811160C03F
:1080700080913704813009F05BC0809136048230F2
:1080800021F0811151C0C11153C081889288A38809
:10809000B4888091490490914A048C0130E020E03A
:1080A00080169106A206B30660F04C01590151E01A
:1080B000851A9108A108B108029718F4812C912C17
:1080C00054018C0C9D1CAE1CBF1C85859685A78514
:1080D000B089858A968AA78AB08E880D991DAA1DB7
:1080E000BB1D818F928FA38FB48F61E066A3B50112
:1080F000A401CF010E949710E0913204F091330463
:108100000585168527853089080D191D2A1D3B1DFB
:10811000B501A40187E00E94CF180AC0E0912A04AB
:10812000F0912B0483E06FCF813011F4C111ADCFFA
:108130008FEB9DE00E94820F80915C040E94B71833
:108140008FEA9DE00E94820F88E89DE0CC2311F029
:1081500080E99DE00E94820F89E99DE00E94820FE4
:1081600080915E04811136C084E69DE00E94820FFA
:108170008DE79DE00E94820F60916304709164041A
:1081800080916504909166040E94B4188FE69DE08A
:108190000E94820F8091380490913904A0913A0492
:1081A000B0913B0497018601081B190B2A0B3B0B6E
:1081B000C901B8010E94B4180E94BE1882E08093E1
:1081C0005B04C0925F04D0926004E0926104F0927C
:1081D000620425CD8AE69DE0C9CF80914904909143
:1081E0004A04B0E0A0E0481759076A077B0708F483
:1081F00016CDB701A60183E39EE00E94281B3092B2
:108200005B04DFCF80914B0490914C04B0E0A0E080
:10821000481759076A077B0708F401CD80915C0471
:108220000E941209C82F80915E04882309F492C02D
:1082300080914804C81709F487C0E0913004F09198
:10824000310486E03097B9F096819923A1F0018539
:10825000128523853485C586D686E786F08A0C0D7F
:108260001D1D2E1D3F1D018B128B238B348BB701DF
:10827000A6010E94CF18B701A60182E29EE00E94EB
:10828000281BE0913204F0913304309709F46BC05D
:108290008681882309F467C085A1811164C080911B
:1082A0003704811160C080913604823021F0811141
:1082B00056C0C11158C081889288A388B488809123
:1082C0004D0490914E048C0130E020E08016910620
:1082D000A206B30660F04C01590141E0841A9108EE
:1082E000A108B108029718F4812C912C54018C0C30
:1082F0009D1CAE1CBF1C85859685A785B089858A87
:10830000968AA78AB08E880D991DAA1DBB1D818FE4
:10831000928FA38FB48F51E056A3B501A401CF0172
:108320000E949710E0913204F09133040585168580
:1083300027853089080D191D2A1D3B1DB501A40193
:1083400087E00E94CF180FC0E0912E04F0912F0417
:1083500085E078CFB701A60183E19EE090CF813020
:1083600011F4C111A8CF20925B042BCF0E94AE2044
:108370004B015C0160914F04709150048091510455
:10838000909152040E94A942A50194010E940A43BF
:108390000E941145009153041091540420915504FA
:1083A00030915604601771078207930778F00091A7
:1083B0005704109158042091590430915A046017C1
:1083C00071078207930710F48B019C0100936304EB
:1083D00010936404209365043093660461E0609315
:1083E0005B04EFCECD8ADE8AEF8AF88EC98EDA8EF4
:1083F000EB8EFC8E60E08C810E94170A1FA2B0CC2D
:108400008F929F92AF92BF92CF92DF92EF92FF92A4
:10841000CF93DF93EC01688179818A819B8161151B
:1084200071058105910521F464E279ED8BE597E012
:108430002DE133EF41E050E00E94C84349015A0169
:108440009B01AC01A7EAB1E40E94E7436B017C0108
:10845000ACEEB4EFA50194010E94F543C60ED71E01
:10846000E81EF91EF7FE06C081E0C81AD108E1082F
:1084700080E8F80AC882D982EA82FB82C701B60185
:108480009F77DF91CF91FF90EF90DF90CF90BF90DB
:10849000AF909F908F9008958F929F92AF92BF92CE
:1084A000CF92DF92EF92FF9260914D0270914E0257
:1084B00080914F02909150026115710581059105DF
:1084C00021F464E279ED8BE597E02DE133EF41E0B3
:1084D00050E00E94C84349015A019B01AC01A7EA40
:1084E000B1E40E94E7436B017C01ACEEB4EFA5015F
:1084F00094010E94F543C60ED71EE81EF91EF7FE32
:1085000006C081E0C81AD108E10880E8F80AC092E4
:108510004D02D0924E02E0924F02F0925002C701FB
:10852000B6019F77FF90EF90DF90CF90BF90AF9014
:108530009F908F90089560934D0270934E028093A8
:108540004F029093500208950E94E64208F481E0A1
:108550000895E89409C097FB3EF490958095709536
:1085600061957F4F8F4F9F4F9923A9F0F92F96E97F
:10857000BB279395F695879577956795B795F111F4
:10858000F8CFFAF4BB0F11F460FF1BC06F5F7F4F91
:108590008F4F9F4F16C0882311F096E911C07723A3
:1085A00021F09EE8872F762F05C0662371F096E8AC
:1085B000862F70E060E02AF09A95660F771F881F7B
:1085C000DAF7880F9695879597F90895990F00081F
:1085D000550FAA0BE0E8FEEF16161706E807F90795
:1085E000C0F012161306E407F50798F0621B730B30
:1085F000840B950B39F40A2661F0232B242B252BB1
:1086000021F408950A2609F4A140A6958FEF811D53
:10861000811D08950E941D430C948E430E94804347
:1086200038F00E94874320F0952311F00C94774393
:108630000C947D4311240C94C2430E949F4370F319
:10864000959FC1F3950F50E0551F629FF001729FF7
:10865000BB27F00DB11D639FAA27F00DB11DAA1F06
:10866000649F6627B00DA11D661F829F2227B00D53
:10867000A11D621F739FB00DA11D621F839FA00DDE
:10868000611D221F749F3327A00D611D231F849F2E
:10869000600D211D822F762F6A2F11249F57504085
:1086A0009AF0F1F088234AF0EE0FFF1FBB1F661F00
:1086B000771F881F91505040A9F79E3F510580F0C9
:1086C0000C9477430C94C2435F3FE4F3983ED4F399
:1086D000869577956795B795F795E7959F5FC1F76D
:1086E000FE2B880F911D9695879597F9089597F918
:1086F0009F6780E870E060E008959FEF80EC089548
:1087000000240A9416161706180609060895002470
:108710000A9412161306140605060895092E0394EA
:10872000000C11F4882352F0BB0F40F4BF2B11F45E
:1087300060FF04C06F5F7F4F8F4F9F4F089557FDBD
:108740009058440F551F59F05F3F71F04795880FBF
:1087500097FB991F61F09F3F79F087950895121656
:1087600013061406551FF2CF4695F1DF08C0161602
:1087700017061806991FF1CF8695710561050894B3
:108780000895E894BB2766277727CB0197F90895CA
:10879000052E97FB1EF400940E94DF4357FD07D07F
:1087A0000E94FA4307FC03D04EF40C94DF4350952B
:1087B0004095309521953F4F4F4F5F4F08959095CD
:1087C0008095709561957F4F8F4F9F4F08950E94C0
:1087D0001C44A59F900DB49F900DA49F800D911DEA
:1087E00011240895B7FF0C94E7430E94E743821BCE
:1087F000930B0895A1E21A2EAA1BBB1BFD010DC00D
:10880000AA1FBB1FEE1FFF1FA217B307E407F50740
:1088100020F0A21BB30BE40BF50B661F771F881F1C
:10882000991F1A9469F760957095809590959B01B2
:10883000AC01BD01CF010895A29FB001B39FC0015B
:10884000A39F700D811D1124911DB29F700D811D7C
:108850001124911D08955058BB27AA270E94434414
:108860000C948E430E94804338F00E94874320F08E
:1088700039F49F3F19F426F40C947D430EF4E095EF
:10888000E7FB0C947743E92F0E949F4358F3BA17F4
:10889000620773078407950720F079F4A6F50C9416
:1088A000C1430EF4E0950B2EBA2FA02D0B01B90198
:1088B00090010C01CA01A0011124FF27591B99F056
:1088C000593F50F4503E68F11A16F040A22F232F62
:1088D000342F4427585FF3CF469537952795A795B2
:1088E000F0405395C9F77EF41F16BA0B620B730B59
:1088F000840BBAF09150A1F0FF0FBB1F661F771FCA
:10890000881FC2F70EC0BA0F621F731F841F48F47E
:10891000879577956795B795F7959E3F08F0B0CF07
:108920009395880F08F09927EE0F979587950895EE
:108930000E94AC440C948E430E94874358F00E94DE
:10894000804340F029F45F3F29F00C9477435111A4
:108950000C94C2430C947D430E949F4368F3992377
:10896000B1F3552391F3951B550BBB27AA2762172B
:108970007307840738F09F5F5F4F220F331F441F38
:10898000AA1FA9F335D00E2E3AF0E0E832D091506C
:108990005040E695001CCAF72BD0FE2F29D0660F59
:1089A000771F881FBB1F261737074807AB07B0E89C
:1089B00009F0BB0B802DBF01FF2793585F4F3AF0A2
:1089C0009E3F510578F00C9477430C94C2435F3F6F
:1089D000E4F3983ED4F3869577956795B795F79528
:1089E0009F5FC9F7880F911D9695879597F9089510
:1089F000E1E0660F771F881FBB1F621773078407AC
:108A0000BA0720F0621B730B840BBA0BEE1F88F7BA
:108A1000E09508950E9411456894B1110C94C243E9
:108A200008950E94A74388F09F5798F0B92F99277F
:108A3000B751B0F0E1F0660F771F881F991F1AF049
:108A4000BA95C9F714C0B13091F00E94C143B1E0AA
:108A500008950C94C143672F782F8827B85F39F0A9
:108A6000B93FCCF3869577956795B395D9F73EF4E2
:108A700090958095709561957F4F8F4F9F4F08958A
:108A80000E94E64208F48FEF0895AA1BBB1B51E138
:108A900007C0AA1FBB1FA617B70710F0A61BB70B6E
:108AA000881F991F5A95A9F780959095BC01CD0113
:108AB0000895EE0FFF1F881F8BBF0790F691E02DE2
:108AC00019940F931F93CF93DF938230910510F485
:108AD00082E090E0E091A605F091A70530E020E06B
:108AE000B0E0A0E0309799F42115310509F44AC0AF
:108AF000281B390B24303105D8F58A819B816115FB
:108B0000710589F1FB0193838283FE0111C04081CD
:108B100051810281138148175907E0F0481759071E
:108B200099F4109761F012960C93129713961C9378
:108B30003296CF01DF91CF911F910F91089500934D
:108B4000A6051093A705F4CF2115310551F0421762
:108B5000530738F0A901DB019A01BD01DF01F801DB
:108B6000C1CFEF01F9CF9093A7058093A605CDCF94
:108B7000FE01E20FF31F8193919322503109398353
:108B80002883D7CF2091A4053091A505232B41F44C
:108B900020915302309154023093A5052093A405EF
:108BA00020915102309152022115310541F42DB727
:108BB0003EB74091550250915602241B350BE0916F
:108BC000A405F091A505E217F307A0F42E1B3F0BB7
:108BD0002817390778F0AC014E5F5F4F241735072F
:108BE00048F04E0F5F1F5093A5054093A405819355
:108BF00091939FCFF0E0E0E09CCFCF93DF9300977D
:108C0000E9F0FC01329713821282A091A605B0917F
:108C1000A705ED0130E020E01097A1F4208131811B
:108C2000820F931F2091A4053091A50528173907BD
:108C300009F061C0F093A505E093A405DF91CF9101
:108C40000895EA01CE17DF07E8F54A815B819E01AE
:108C500041155105B1F7E901FB83EA834991599127
:108C6000C40FD51FEC17FD0761F480819181029636
:108C7000840F951FE90199838883828193819B8367
:108C80008A83F0E0E0E012968D919C911397009713
:108C9000B9F52D913C911197CD010296820F931F4A
:108CA0002091A4053091A5052817390739F630978A
:108CB00051F51092A7051092A605B093A505A093B3
:108CC000A405BCCFD383C28340815181840F951FFB
:108CD000C817D90761F44E5F5F4F88819981480FAB
:108CE000591F518340838A819B81938382832115FD
:108CF000310509F0B0CFF093A705E093A6059ECF0C
:108D0000FD01DC01C0CF13821282D7CF4F925F9258
:108D10006F927F928F929F92AF92BF92CF92DF928B
:108D2000EF92FF920F931F93CF93DF938C010097E5
:108D300099F4CB01DF91CF911F910F91FF90EF90AC
:108D4000DF90CF90BF90AF909F908F907F906F906B
:108D50005F904F900C946145FC01E60FF71F9C015A
:108D600022503109E217F30708F4AEC0D901CD91C2
:108D7000DC911197C617D70720F1C530D10578F0DF
:108D8000CE0104978617970750F0C61BD70B229782
:108D9000C193D1936D937C93CF010E94FD45C8018F
:108DA000DF91CF911F910F91FF90EF90DF90CF90C7
:108DB000BF90AF909F908F907F906F905F904F90FB
:108DC00008955B01AC1ABD0A4C018C0E9D1EA0914A
:108DD000A605B091A705512C412CF12CE12C109740
:108DE00031F58091A4059091A5058815990509F0A4
:108DF0005CC04616570608F058C080915102909109
:108E00005202009741F48DB79EB7409155025091A0
:108E10005602841B950BE817F90708F055C0F0932C
:108E2000A505E093A405F90171836083B8CF8D9106
:108E30009C91119712966C90129713967C901397B1
:108E4000A815B90559F56C0142E0C40ED11CCA142D
:108E5000DB0420F1AC014A195B09DA01129615977F
:108E600080F06282738251834083D9016D937C9339
:108E7000E114F10471F0D7011396FC93EE9312976D
:108E80008ECF22968C0F9D1FF90191838083F30171
:108E9000EFCFF093A705E093A60581CF48165906BA
:108EA00008F42C017D01D3019ACFCB010E946145CA
:108EB0007C01009749F0AE01B8010E947447C801D7
:108EC0000E94FD4587016BCF10E000E068CFFB01F9
:108ED000DC0104C08D910190801921F44150504073
:108EE000C8F7881B990B0895FB01DC0102C00190B3
:108EF0000D9241505040D8F70895FB01DC014150DC
:108F0000504048F001900D920020C9F701C01D9219
:0C8F100041505040E0F70895F894FFCF66
:108F1C00C800C800905F01001027000030750000E9
:108F2C00B80BE8033232648813000028B80B000039
:108F3C00D007E02E00005B02FF7E055805370516B2
:108F4C00050005EA04CF04A5048E0477040F0B0F6B
:108F5C000B0F0B0F0B0F0B0F0B0F0B0F0B0100005D
:108F6C00000000A8058000000000007935763572FD
:108F7C003500000000350F9F0ECC0E9D0FFD0EDB53
:108F8C000EEF0E2F2F272722225C5C6208660C6ED8
:108F9C000A720D7409000D0A005357495443485F77
:108FAC004C4556455200747275650066616C73656C
:108FBC00006E756C6C002A49444E3F00636D640072
:108FCC006672657175656E6379006475726174693A
:108FDC006F6E0070696E0070726F626162696C69AD
:108FEC00747900636F756E7400636F756E7465725F
:108FFC0062616C616E636500696E74657276616C3A
:10900C00006974695F6D65616E006974695F6D6993
:10901C006E006974695F6D61780070756C73655F63
:10902C006F6E0070756C73655F6F66660064656C5F
:10903C00617900706175736564005248004C48009A
:10904C004355450050554D50004C49434B5F4349E7
:0C905C005243554954004C41534552000A
:00000001FF
